sector;company_size;user_role;job_position;occupation;occupation_correct;working_times;home_office;self_initiative;flexibility;leadership;communication;creativity;customer_orientation;organization;problem_solving;resilience;goal_orientation;created
;;[];Datenwissenschaftler/Datenwissenschaftlerin;;Datenwissenschaftler/Datenwissenschaftlerin;;;83;83;;83;83;83;83;83;83;83;2023-03-28 15:57:45.000
;;[];;;;;0;83;42;50;72;75;50;67;33;61;67;2023-05-15 14:29:10.000
Sonstiges;Weniger als 100;"[""flex. Arbeitszeiten"",""Homeoffice"",""Kinderbetreuung""]";Buchalterin ;Lohn- und Gehaltsbuchhalter/Lohn- und Gehaltsbuchhalterin;Lohn- und Gehaltsbuchhalter/Lohn- und Gehaltsbuchhalterin;Teilzeit;1;83;42;61;72;71;78;56;61;44;72;2023-05-22 21:19:54.000
Produzierendes Gewerbe / Industrie;Weniger als 500;"[""Homeoffice"",""flex. Arbeitszeiten"",""Mobiles Arbeiten"",""Gesundheitsf\u00f6rderung \/ -ma\u00dfnahmen"",""betriebliche Altersvorsorge"",""Verm\u00f6genswirksame Leistungen""]";Produktmanager;Manager/Managerin;Manager/Managerin;Vollzeit;1;83;67;56;61;63;50;78;67;83;56;2023-05-30 12:18:10.000
IT, Medien und Telekommunikation;Weniger als 100;"[""Homeoffice"",""flex. Arbeitszeiten"",""Mobiles Arbeiten"",""Gesundheitsf\u00f6rderung \/ -ma\u00dfnahmen"",""Fortbildungsangebote"",""internationale Arbeitseins\u00e4tze m\u00f6glich""]";;Mediengestalter Digital und Print ƒ?? Gestaltung und Technik/Mediengestalterin Digital und Print ƒ?? Gestaltung und Technik;Mediengestalter Digital und Print – Gestaltung und Technik/Mediengestalterin Digital und Print – Gestaltung und Technik;Vollzeit;1;83;67;72;83;67;72;94;67;56;72;2023-06-02 07:52:29.000
Sonstiges;Weniger als 5000;"[""flex. Arbeitszeiten"",""Homeoffice"",""Mitarbeiter-Events"",""betriebliche Altersvorsorge"",""Mitarbeiter-Beteiligung"",""Verm\u00f6genswirksame Leistungen"",""Fortbildungsangebote"",""gute Verkehrsanbindung"",""internationale Arbeitseins\u00e4tze m\u00f6glich""]";Sicherheitsmitarbeiter;Abfallentsorgungsarbeiter und sonstige HilfsarbeitskrÇÏfte;Abfallentsorgungsarbeiter und sonstige HilfsarbeitskrÇÏfte;Vollzeit;1;78;75;72;83;63;78;67;61;67;78;2023-06-13 11:34:53.000
Dienstleistungen;Weniger als 50;"[""Homeoffice"",""flex. Arbeitszeiten"",""Mobiles Arbeiten"",""Mitarbeiter-Events"",""Gesundheitsf\u00f6rderung \/ -ma\u00dfnahmen"",""Mitarbeiter-Beteiligung"",""Fortbildungsangebote""]";MitarbeiterIn in der Kundenbetreuung;Kundenbetreuer/Kundenbetreuerin;Kundenbetreuer/Kundenbetreuerin;Beides mÇôglich;1;72;67;78;78;75;100;50;61;56;67;2023-06-19 09:42:17.000
Dienstleistungen;Weniger als 50;"[""Homeoffice"",""flex. Arbeitszeiten"",""Mobiles Arbeiten"",""Kinderbetreuung"",""Mitarbeiter-Events"",""Gesundheitsf\u00f6rderung \/ -ma\u00dfnahmen"",""betriebliche Altersvorsorge"",""Fortbildungsangebote""]";Rekruiter:in;Personalberater/Personalberaterin;Personalberater/Personalberaterin;Beides mÇôglich;1;83;92;83;83;71;100;61;83;78;39;2023-06-19 13:47:37.000
Produzierendes Gewerbe / Industrie;Weniger als 100;"[""Homeoffice"",""gute Verkehrsanbindung"",""Mobiles Arbeiten"",""flex. Arbeitszeiten""]";;;;Vollzeit;1;100;92;100;89;100;94;100;94;83;89;2023-06-27 18:58:22.000
Produzierendes Gewerbe / Industrie;Weniger als 1000;"[""Homeoffice"",""flex. Arbeitszeiten"",""Mobiles Arbeiten"",""Mitarbeiter-Events"",""Kantine \/ Essenzulagen"",""Gesundheitsf\u00f6rderung \/ -ma\u00dfnahmen"",""Mitarbeiter-Beteiligung"",""betriebliche Altersvorsorge"",""Verm\u00f6genswirksame Leistungen"",""Fortbildungsangebote"",""Mitarbeiter-Rabatte"",""Parkplatz"",""gute Verkehrsanbindung"",""Job-Rotation"",""internationale Arbeitseins\u00e4tze m\u00f6glich""]";Projektmanagement;Projektmanager/Projektmanagerin;Projektmanager/Projektmanagerin;Beides mÇôglich;0;61;50;72;56;79;72;89;61;56;78;2023-07-04 20:30:15.000
Gesundheits- und Bildungssektor;Weniger als 1000;"[""Kantine \/ Essenzulagen"",""Mitarbeiter-Events"",""betriebliche Altersvorsorge"",""Mitarbeiter-Rabatte"",""Fortbildungsangebote"",""gute Verkehrsanbindung""]";Content Creator ;BÇ¬roassistent/BÇ¬roassistentin;Web-Content-Manager/Web-Content-Managerin;Teilzeit;0;94;75;72;83;75;89;72;72;67;56;2023-07-04 21:44:49.000
Handel;Weniger als 10.000;"[""flex. Arbeitszeiten""]";;;;Teilzeit;0;33;17;44;44;58;17;11;17;17;44;2023-07-09 15:35:28.000
;;[];;;;;0;89;100;100;83;71;94;72;67;61;67;2023-07-12 21:56:04.000
Gesundheits- und Bildungssektor;Weniger als 100;"[""flex. Arbeitszeiten"",""Kinderbetreuung""]";Helfer;Pflegehelfer;Pflegehelfer/Pflegehelferin;Teilzeit;1;94;42;89;100;92;94;83;56;56;83;2023-07-13 13:19:58.000
;;[];;;;;0;0;0;0;0;0;0;0;0;0;0;2023-07-14 11:36:51.000
Sonstiges;Weniger als 1000;"[""flex. Arbeitszeiten""]";CNC-Programmierer in FrÇÏsen/Drehenmetall;3D-Druck-Techniker/3D-Druck-Technikerin;CNC-Programmierer/CNC-Programmiererin;Vollzeit;0;100;100;100;100;100;100;100;100;100;100;2023-07-26 23:50:24.000
Sonstiges;Weniger als 50;"[""Homeoffice"",""flex. Arbeitszeiten""]";Verwaltungsangestellte bei der Stadt KÇôln;Verwaltungsangestellter im Bereich Verteidigung/Verwaltungsangestellte im Bereich Verteidigung;Verwaltungsbeamter/Verwaltungsbeamtin;Vollzeit;1;78;75;83;56;71;78;78;67;72;72;2023-07-28 08:19:09.000
IT, Medien und Telekommunikation;Weniger als 500;"[""Homeoffice"",""flex. Arbeitszeiten"",""Mobiles Arbeiten"",""Kinderbetreuung"",""Mitarbeiter-Events"",""Kantine \/ Essenzulagen"",""Gesundheitsf\u00f6rderung \/ -ma\u00dfnahmen"",""betriebliche Altersvorsorge"",""Verm\u00f6genswirksame Leistungen"",""Parkplatz""]";Technische Key Account Managerin;Projektmanager/Projektmanagerin;Manager/Managerin;Vollzeit;1;67;58;72;89;71;83;61;50;89;100;2023-08-07 14:02:13.000
Gesundheits- und Bildungssektor;Weniger als 5000;"[""Homeoffice"",""Mitarbeiter-Events"",""Gesundheitsf\u00f6rderung \/ -ma\u00dfnahmen"",""Fortbildungsangebote"",""Mitarbeiter-Rabatte"",""flex. Arbeitszeiten""]";Projektreferent:in ;Projektmanager/Projektmanagerin;Projektmanager/Projektmanagerin;Vollzeit;1;83;67;83;78;83;83;72;61;78;72;2023-08-09 10:36:17.000
Dienstleistungen;Weniger als 500;"[""Homeoffice"",""flex. Arbeitszeiten"",""Mobiles Arbeiten"",""betriebliche Altersvorsorge"",""Mitarbeiter-Events"",""Kantine \/ Essenzulagen"",""Gesundheitsf\u00f6rderung \/ -ma\u00dfnahmen"",""Verm\u00f6genswirksame Leistungen"",""Fortbildungsangebote"",""Mitarbeiter-Rabatte"",""Parkplatz""]";;Softwareentwickler;Softwareentwickler/Softwareentwicklerin;Vollzeit;1;78;67;100;94;92;89;94;50;67;89;2023-08-13 19:37:10.000
Gesundheits- und Bildungssektor;Weniger als 50;"[""flex. Arbeitszeiten""]";Wundmanager   Betreuungskraft;Krankenpfleger Allgemeine Krankenpflege/Krankenschwester Allgemeine Krankenpflege;Krankenpfleger Allgemeine Krankenpflege/Krankenschwester Allgemeine Krankenpflege;Teilzeit;0;67;58;78;67;71;83;67;61;72;72;2023-09-13 10:45:54.000
Sonstiges;Weniger als 5000;"[""Kantine \/ Essenzulagen"",""Mitarbeiter-Events"",""Gesundheitsf\u00f6rderung \/ -ma\u00dfnahmen"",""gute Verkehrsanbindung"",""betriebliche Altersvorsorge""]";Wirtschafwisserin;BÇ¬rokrÇÏfte im Finanz- und Rechnungswesen und in der Statistik;Bürokräfte im Finanz- und Rechnungswesen und in der Statistik;Beides mÇôglich;0;78;67;89;72;83;67;94;39;61;78;2023-09-15 15:20:07.000
Produzierendes Gewerbe / Industrie;Weniger als 100;"[""internationale Arbeitseins\u00e4tze m\u00f6glich"",""gute Verkehrsanbindung"",""betriebliche Altersvorsorge"",""Mobiles Arbeiten""]";;;;;0;78;67;83;94;88;94;44;22;33;44;2023-09-20 08:11:00.000
Ç?ffentlicher Sektor;Weniger als 5000;"[""Homeoffice"",""flex. Arbeitszeiten"",""Mobiles Arbeiten"",""Kantine \/ Essenzulagen"",""betriebliche Altersvorsorge"",""Verm\u00f6genswirksame Leistungen"",""Mitarbeiter-Rabatte"",""internationale Arbeitseins\u00e4tze m\u00f6glich"",""Fortbildungsangebote"",""Parkplatz""]";Projektleitung KI-Projekte;Wissenschaftlicher Mitarbeiter/Wissenschaftliche Mitarbeiterin;Wissenschaftlicher Mitarbeiter/Wissenschaftliche Mitarbeiterin;Beides mÇôglich;1;78;67;22;67;67;78;67;61;72;67;2023-09-26 11:39:08.000
Ç?ffentlicher Sektor;Weniger als 5000;"[""Homeoffice"",""flex. Arbeitszeiten"",""Mobiles Arbeiten"",""Kantine \/ Essenzulagen"",""betriebliche Altersvorsorge"",""Verm\u00f6genswirksame Leistungen"",""Mitarbeiter-Rabatte"",""internationale Arbeitseins\u00e4tze m\u00f6glich"",""Fortbildungsangebote"",""Parkplatz""]";HiWi;HilfsarbeitskrÇÏfte;Wissenschaftliche Hilfskraft;Teilzeit;1;17;42;61;67;46;67;50;50;39;56;2023-09-26 12:11:19.000
Gesundheits- und Bildungssektor;Weniger als 500;"[""Homeoffice"",""flex. Arbeitszeiten"",""Mobiles Arbeiten"",""Fortbildungsangebote"",""internationale Arbeitseins\u00e4tze m\u00f6glich""]";Projektleiter KI-Projekte;Wissenschaftlicher Mitarbeiter/Wissenschaftliche Mitarbeiterin;Wissenschaftlicher Mitarbeiter/Wissenschaftliche Mitarbeiterin;Beides mÇôglich;0;67;83;89;72;83;89;94;72;72;89;2023-09-27 16:27:42.000
;;[];;;;;0;94;92;94;94;88;89;94;72;61;83;2023-10-11 18:35:15.000
Produzierendes Gewerbe / Industrie;Weniger als 1000;"[""Homeoffice"",""flex. Arbeitszeiten"",""Mobiles Arbeiten"",""Mitarbeiter-Events"",""betriebliche Altersvorsorge"",""Verm\u00f6genswirksame Leistungen"",""Fortbildungsangebote"",""Mitarbeiter-Rabatte"",""Parkplatz"",""Hunde geduldet"",""gute Verkehrsanbindung"",""internationale Arbeitseins\u00e4tze m\u00f6glich""]";Junior Sales Manager;Vertriebstechniker/Vertriebstechnikerin;Verkäufer/Verkäuferin;Vollzeit;0;89;67;83;72;71;83;78;72;61;56;2023-10-17 15:54:31.000
Dienstleistungen;10.000 und mehr;"[""flex. Arbeitszeiten"",""Mobiles Arbeiten"",""Mitarbeiter-Events"",""Kantine \/ Essenzulagen"",""Gesundheitsf\u00f6rderung \/ -ma\u00dfnahmen"",""Fortbildungsangebote"",""Mitarbeiter-Rabatte"",""Parkplatz"",""gute Verkehrsanbindung""]";WirtschaftsprÇ¬fer;WirtschaftsprÇ¬fer, Steuerberater und verwandte Berufe;Wirtschaftsprüfer, Steuerberater und verwandte Berufe;Vollzeit;1;61;83;89;83;79;83;100;56;61;67;2023-10-17 19:33:03.000
Ç?ffentlicher Sektor;Weniger als 500;"[""flex. Arbeitszeiten"",""gute Verkehrsanbindung"",""internationale Arbeitseins\u00e4tze m\u00f6glich"",""Homeoffice""]";Projektmitarbeiter KI;Wissenschaftlicher Mitarbeiter/Wissenschaftliche Mitarbeiterin;Wissenschaftlicher Mitarbeiter/Wissenschaftliche Mitarbeiterin;;0;78;50;89;72;79;78;89;72;78;78;2023-11-02 15:17:23.000
IT, Medien und Telekommunikation;Weniger als 50;"""Andere Rolle""";Kundenberater/ Vertrieb;Kundenbetreuer/Kundenbetreuerin;Kundenbetreuer/Kundenbetreuerin;Vollzeit;1;78;75;89;72;100;78;89;83;72;89;2024-01-17 22:49:43.000
Banken und Versicherungen;Weniger als 5000;"""Oberes Management""";Wirtschaftsingenieur;Wirtschaftsingenieur/Wirtschaftsingenieurin;Wirtschaftsingenieur/Wirtschaftsingenieurin;Vollzeit;0;100;100;100;100;94;100;94;72;72;83;2024-01-29 15:13:48.000
Dienstleistungen;Weniger als 10.000;"""Bereichsleitung""";FÇ¬hrungskraft im Vertrieb;FÇ¬hrungskraft im Vertrieb;Führungskraft im Vertrieb;Vollzeit;1;78;100;61;94;78;72;83;50;44;89;2024-01-29 15:15:54.000
Dienstleistungen;Weniger als 5000;"""Mitarbeitende:r aus dem Team""";Projektmanager im HR;Projektmanager/Projektmanagerin;Führungskraft im Personalwesen;Vollzeit;0;67;67;61;67;56;44;72;83;83;78;2024-01-29 15:17:26.000
IT, Medien und Telekommunikation;10.000 und mehr;"""Andere Rolle""";Developer;Softwareentwickler;Softwareentwickler/Softwareentwicklerin;Vollzeit;1;78;100;28;22;28;28;17;67;44;39;2024-01-29 15:19:31.000
IT, Medien und Telekommunikation;Weniger als 100;"""Mitarbeitende:r aus dem Team""";Softwareentwickler;Softwareentwickler;Softwareentwickler/Softwareentwicklerin;Beides mÇôglich;0;67;83;50;33;50;22;17;28;28;44;2024-01-29 15:19:44.000
Banken und Versicherungen;Weniger als 5000;"""Mitarbeitende:r aus dem Team""";Hardwaretechniker;Informatiker/Informatikerin;Informatiker/Informatikerin;Vollzeit;0;78;83;44;44;67;67;28;50;56;44;2024-01-29 15:19:48.000
Banken und Versicherungen;Weniger als 5000;"""Oberes Management""";FÇ¬hrungskraft im FilialgeschÇÏft;FÇ¬hrungskrÇÏfte;Führungskräfte auf Filialebene in der Erbringung von Finanz- und Versicherungsdienstleistungen;Vollzeit;1;89;67;78;89;61;89;89;39;17;44;2024-01-29 15:21:18.000
Banken und Versicherungen;Weniger als 1000;"""Mitarbeitende:r aus dem Team""";;Betriebsleiter/Betriebsleiterin;Betriebsleiter/Betriebsleiterin;Vollzeit;0;67;58;78;67;89;78;83;78;78;56;2024-01-29 16:32:17.000
IT, Medien und Telekommunikation;Weniger als 10.000;"""Mitarbeitende:r aus dem Team""";Softwareentwickler;Informatiker/Informatikerin;Softwareentwickler/Softwareentwicklerin;Vollzeit;1;89;92;94;72;78;83;72;72;72;72;2024-01-29 16:32:45.000
IT, Medien und Telekommunikation;Weniger als 10.000;"""Mitarbeitende:r aus dem Team""";FÇ¬hrungskraft ;Betriebsleiter/Betriebsleiterin;Betriebsleiter/Betriebsleiterin;Beides mÇôglich;1;83;67;78;33;72;72;67;33;44;72;2024-01-29 16:32:55.000
Banken und Versicherungen;Weniger als 1000;"""Bereichsleitung""";;;;;0;83;83;72;44;61;78;67;28;28;61;2024-01-29 16:32:57.000
Banken und Versicherungen;Weniger als 1000;"""Andere Rolle""";;;;Vollzeit;0;72;67;78;72;61;78;89;61;61;78;2024-01-29 16:33:02.000
IT, Medien und Telekommunikation;Weniger als 10.000;"""Mitarbeitende:r aus dem Team""";FÇ¬hrungskraft;Betriebsleiter/Betriebsleiterin;Betriebsleiter/Betriebsleiterin;Vollzeit;0;67;50;89;33;72;67;78;56;28;72;2024-01-29 16:33:08.000
IT, Medien und Telekommunikation;Weniger als 5000;"""Mitarbeitende:r aus dem Team""";FÇ¬hrungskraft ;Betriebsleiter/Betriebsleiterin;Betriebsleiter/Betriebsleiterin;Beides mÇôglich;1;89;100;83;72;72;89;100;83;67;89;2024-01-29 16:33:23.000
Banken und Versicherungen;Weniger als 5000;"""Andere Rolle""";Informatiker ;;Informatiker/Informatikerin;Vollzeit;1;61;67;50;28;44;17;17;61;17;28;2024-01-29 16:33:25.000
IT, Medien und Telekommunikation;10.000 und mehr;"""Mitarbeitende:r aus dem Team""";Teamleiterin Vertrieb;FÇ¬hrungskrÇÏfte;Führungskraft im Vertrieb;Vollzeit;1;83;75;94;78;72;72;89;50;50;78;2024-01-29 16:33:41.000
Banken und Versicherungen;Weniger als 1000;"""Andere Rolle""";Dualer Student;;;Vollzeit;0;89;75;83;83;56;83;56;72;72;83;2024-01-29 16:34:02.000
IT, Medien und Telekommunikation;Weniger als 5000;"""Andere Rolle""";Technical Consultant ;;IT-Consultant für Systemintegration;Vollzeit;0;67;67;83;67;78;67;67;72;61;72;2024-01-29 16:35:07.000
Produzierendes Gewerbe / Industrie;Weniger als 500;"""HR\/Recruiting""";Nachhaltigkeitsbeauftragte/r;Abfallentsorgungsarbeiter;Nachhaltigkeitsmanager/Nachhaltigkeitsmanagerin;Beides mÇôglich;0;56;100;78;67;50;89;50;72;72;61;2024-01-31 11:47:05.000
Handel;Weniger als 50;"""Teamleitung""";Filialleiter;FÇ¬hrungskrÇÏfte;Verkaufsaufsichtskraft;Beides mÇôglich;0;89;67;89;83;56;78;72;50;56;67;2024-02-05 11:54:13.000
Verkehr, Transport und Logistik;Weniger als 500;"""Bereichsleitung""";Teamleiter Logistik;FÇ¬hrungskrÇÏfte;Führungskraft für intermodale Logistik;Vollzeit;0;83;100;83;78;83;78;50;28;39;78;2024-02-06 15:37:20.000
Ç?ffentlicher Sektor;Weniger als 500;"""Andere Rolle""";;Softwareentwickler;Softwareentwickler;Beides mÇôglich;0;61;67;83;44;72;78;89;61;61;67;2024-02-08 10:18:46.000
Verkehr, Transport und Logistik;Weniger als 500;"""Bereichsleitung""";Kommissionierer;Lagerarbeiter/Lagerarbeiterin;Lagerarbeiter/Lagerarbeiterin;Vollzeit;0;6;42;44;72;61;50;61;22;39;33;2024-02-08 13:50:32.000
IT, Medien und Telekommunikation;Weniger als 1000;"""Teamleitung""";Sales and Service Trainerin;Call-Center-Trainer/Call-Center-Trainerin;Call-Center-Trainer/Call-Center-Trainerin;Vollzeit;0;83;83;78;94;94;100;61;83;78;94;2024-02-08 16:42:01.000
Dienstleistungen;Weniger als 50;"""Bereichsleitung""";Salesmanager;Ertragsmanager/Ertragsmanagerin;Verkaufsleiter/Verkaufsleiterin;Vollzeit;1;83;78;89;94;89;100;100;94;89;100;2024-03-06 10:40:32.000
Ç?ffentlicher Sektor;Weniger als 1000;"""Teamleitung""";Schule;;;Teilzeit;0;61;56;83;83;44;50;56;56;44;67;2024-03-13 12:22:50.000
Gesundheits- und Bildungssektor;Weniger als 500;"""Oberes Management""";QualitÇÏtsbeauftragte;QualitÇÏtsmanager/QualitÇÏtsmanagerin;QualitÇÏtsmanager/QualitÇÏtsmanagerin;Beides mÇôglich;0;67;61;78;89;78;100;78;83;56;72;2024-03-14 13:32:51.000
IT, Medien und Telekommunikation;Weniger als 10.000;"""Mitarbeitende:r aus dem Team""";;Asphaltlabortechniker/Asphaltlabortechnikerin;;Vollzeit;0;89;100;100;100;100;100;100;100;100;100;2024-03-19 09:08:05.000
Handel;Weniger als 5000;"""HR\/Recruiting""";Wirtschaftsingenieur;Informatiker/Informatikerin;Wirtschaftsingenieur/Wirtschaftsingenieurin;Vollzeit;1;72;56;72;94;78;72;83;50;61;72;2024-03-19 09:11:52.000
IT, Medien und Telekommunikation;10.000 und mehr;"""Mitarbeitende:r aus dem Team""";;Ertragsmanager/Ertragsmanagerin;Ertragsmanager/Ertragsmanagerin;;0;83;83;83;83;83;83;83;83;83;83;2024-03-19 09:12:58.000
IT, Medien und Telekommunikation;Weniger als 10.000;"""Andere Rolle""";Softwareentwicklung in der IT;Softwareentwickler/Softwareentwicklerin;Softwareentwickler/Softwareentwicklerin;Vollzeit;0;78;78;39;89;44;67;83;83;83;83;2024-03-19 09:15:14.000
Verkehr, Transport und Logistik;10.000 und mehr;"""Andere Rolle""";Projektleiter ;Flugsicherungstechniker/Flugsicherungstechnikerin;Projektmanager/Projektmanagerin;Vollzeit;0;89;33;67;56;67;67;67;72;50;67;2024-03-19 09:15:24.000
Banken und Versicherungen;Weniger als 5000;"""Mitarbeitende:r aus dem Team""";Berater ;Bankangestellter/Bankangestellte;Bankkundenberater/Bankkundenberaterin;Vollzeit;1;83;56;67;67;67;67;78;61;33;33;2024-03-19 09:15:26.000
Handel;Weniger als 5000;"""Mitarbeitende:r aus dem Team""";Dualer Student;Ertragsmanager/Ertragsmanagerin;;Vollzeit;0;83;56;72;56;67;50;56;50;44;56;2024-03-19 09:15:41.000
IT, Medien und Telekommunikation;10.000 und mehr;"""Andere Rolle""";;Projektmanager/Projektmanagerin;Projektmanager/Projektmanagerin;Vollzeit;0;78;44;72;78;72;78;61;72;56;78;2024-03-19 09:15:42.000
Banken und Versicherungen;Weniger als 500;"""Mitarbeitende:r aus dem Team""";Kundenberater ;Bankkundenberater/Bankkundenberaterin;Bankkundenberater/Bankkundenberaterin;Vollzeit;1;83;72;83;100;89;94;83;78;83;94;2024-03-19 09:15:45.000
Verkehr, Transport und Logistik;Weniger als 1000;"""Andere Rolle""";;Flugsicherungstechniker/Flugsicherungstechnikerin;Flugsicherungstechniker/Flugsicherungstechnikerin;Vollzeit;0;100;89;83;72;72;72;72;89;78;83;2024-03-19 09:16:02.000
Banken und Versicherungen;Weniger als 1000;"""Andere Rolle""";;;;Vollzeit;0;72;44;89;61;61;61;56;33;17;50;2024-03-19 09:16:03.000
IT, Medien und Telekommunikation;Weniger als 5000;"""Mitarbeitende:r aus dem Team""";SoftwareentwicklerIn;Softwareentwickler/Softwareentwicklerin;Softwareentwickler/Softwareentwicklerin;Vollzeit;1;72;83;72;72;72;50;72;89;56;67;2024-03-19 09:16:05.000
Banken und Versicherungen;Weniger als 500;"""Teamleitung""";Kundenbetreuung Immobilien;Kundenbetreuer/Kundenbetreuerin;Kundenbetreuer/Kundenbetreuerin;Vollzeit;0;83;83;56;56;78;67;83;83;83;83;2024-03-19 09:17:00.000
Banken und Versicherungen;Weniger als 1000;"""Andere Rolle""";Privatkundenberater ;Bankkundenberater/Bankkundenberaterin;Bankkundenberater/Bankkundenberaterin;Vollzeit;1;78;72;100;89;78;89;89;44;61;72;2024-03-19 09:17:11.000
IT, Medien und Telekommunikation;Weniger als 50;"""Andere Rolle""";Softwareentwickler;;Softwareentwickler/Softwareentwicklerin;Vollzeit;1;78;67;83;83;78;89;89;67;44;67;2024-03-19 09:18:16.000
IT, Medien und Telekommunikation;Weniger als 10.000;"""Mitarbeitende:r aus dem Team""";Anwendungsentwickler/-betreuer;IT-Anwendungsentwickler/IT-Anwendungsentwicklerin;IT-Anwendungsentwickler/IT-Anwendungsentwicklerin;Vollzeit;1;61;61;89;94;72;100;50;44;39;39;2024-03-19 09:19:48.000
Banken und Versicherungen;Weniger als 5000;"""Andere Rolle""";Bankkundenberater;Bankkundenberater/Bankkundenberaterin;Bankkundenberater/Bankkundenberaterin;Beides mÇôglich;1;56;56;78;78;33;83;22;61;28;28;2024-03-19 09:20:14.000
IT, Medien und Telekommunikation;Weniger als 5000;"""Andere Rolle""";Softwareentwickler;Softwareentwickler fÇ¬r Embedded Systems/Softwareentwicklerin fÇ¬r Embedded Systems;Softwareentwickler fÇ¬r Embedded Systems/Softwareentwicklerin fÇ¬r Embedded Systems;Vollzeit;1;67;78;89;61;67;56;33;44;22;78;2024-03-19 09:20:44.000
Banken und Versicherungen;Weniger als 500;"""Andere Rolle""";Privatkundenberater ;Bankkundenberater/Bankkundenberaterin;Bankkundenberater/Bankkundenberaterin;Vollzeit;0;61;67;22;67;44;94;39;22;17;22;2024-03-19 09:21:05.000
Banken und Versicherungen;Weniger als 500;"""Andere Rolle""";Bankkauffrau;Lehrassistent Grundschule/Lehrassistentin Grundschule;Bankangestellter/Bankangestellte;;0;67;56;67;72;67;83;61;56;56;56;2024-03-19 09:21:07.000
Banken und Versicherungen;Weniger als 1000;"""Andere Rolle""";Privatkundenberater;;Bankkundenberater/Bankkundenberaterin;Vollzeit;1;56;44;50;61;100;78;89;94;44;78;2024-03-19 09:21:50.000
IT, Medien und Telekommunikation;Weniger als 10.000;"""Mitarbeitende:r aus dem Team""";Softwareentwicklung:in;Informatiker/Informatikerin;Softwareentwickler/Softwareentwicklerin;Vollzeit;1;72;50;39;50;89;44;44;67;33;44;2024-03-19 09:22:04.000
IT, Medien und Telekommunikation;Weniger als 1000;"""Andere Rolle""";Softwareentwickler SAP EWM;Softwareentwickler/Softwareentwicklerin;Softwareentwickler/Softwareentwicklerin;Vollzeit;1;89;78;78;72;61;100;33;72;72;78;2024-03-19 09:22:49.000
IT, Medien und Telekommunikation;Weniger als 10.000;"""Mitarbeitende:r aus dem Team""";Softwareentwickler ;Informatiker/Informatikerin;Softwareentwickler/Softwareentwicklerin;Vollzeit;1;50;72;78;78;78;50;50;44;44;17;2024-03-19 09:25:56.000
Dienstleistungen;10.000 und mehr;"""Andere Rolle""";Student ;;;Vollzeit;1;67;61;67;67;67;67;67;56;50;44;2024-03-19 11:42:25.000
IT, Medien und Telekommunikation;Weniger als 50;"""Mitarbeitende:r aus dem Team""";Dualer Student ;Ertragsmanager/Ertragsmanagerin;;Vollzeit;1;72;61;56;56;67;94;78;83;78;78;2024-03-19 11:42:28.000
Dienstleistungen;Weniger als 100;"""Mitarbeitende:r aus dem Team""";Ertragsmanager;Ertragsmanager/Ertragsmanagerin;Ertragsmanager/Ertragsmanagerin;Vollzeit;1;67;50;50;72;61;50;56;67;33;72;2024-03-19 11:43:10.000
IT, Medien und Telekommunikation;Weniger als 10.000;"""Mitarbeitende:r aus dem Team""";;Ertragsmanager/Ertragsmanagerin;Ertragsmanager/Ertragsmanagerin;Vollzeit;1;94;89;100;67;56;61;44;72;67;44;2024-03-19 11:43:46.000
IT, Medien und Telekommunikation;Weniger als 1000;"""Andere Rolle""";Marketingmanager;;Marketingleiter/Marketingleiterin;Vollzeit;1;89;83;78;83;83;78;72;56;44;72;2024-03-19 11:44:34.000
Produzierendes Gewerbe / Industrie;Weniger als 1000;"""Mitarbeitende:r aus dem Team""";Dualer Student im E Commerce;;;Vollzeit;1;61;67;33;78;44;61;44;44;44;44;2024-03-19 11:46:35.000
IT, Medien und Telekommunikation;Weniger als 500;"""Mitarbeitende:r aus dem Team""";FÇ¬hrungskraft Medientechnologe ;Medientechnologe Druck/Medientechnologin Druck;Medientechnologe Druck/Medientechnologin Druck;Vollzeit;0;61;56;94;44;22;100;39;61;78;44;2024-03-19 11:46:43.000
IT, Medien und Telekommunikation;Weniger als 10.000;"""Mitarbeitende:r aus dem Team""";;Technischer Leiter fÇ¬r BÇ¬hne, Film und Fernsehen/Technische Leiterin fÇ¬r BÇ¬hne, Film und Fernsehen;Technischer Leiter fÇ¬r BÇ¬hne, Film und Fernsehen/Technische Leiterin fÇ¬r BÇ¬hne, Film und Fernsehen;Vollzeit;1;50;61;56;67;89;78;83;50;78;83;2024-03-19 11:46:52.000
Handel;Weniger als 5000;"""Andere Rolle""";duale Studentin ;;;;1;56;56;100;67;72;78;89;39;33;56;2024-03-19 11:48:36.000
Handel;Weniger als 5000;"""Mitarbeitende:r aus dem Team""";;Brand Manager/Brand Managerin;Brand Manager/Brand Managerin;;1;100;100;100;100;100;100;100;100;100;100;2024-03-19 11:49:54.000
Produzierendes Gewerbe / Industrie;Weniger als 5000;"""Mitarbeitende:r aus dem Team""";Marketingleiter ;Marketingleiter/Marketingleiterin;Marketingleiter/Marketingleiterin;Vollzeit;1;94;89;72;89;78;89;78;72;72;67;2024-03-19 11:52:20.000
IT, Medien und Telekommunikation;Weniger als 10.000;[];Head of Media ;Projektmanager/Projektmanagerin;Kommunikationsmanager/Kommunikationsmanagerin;Vollzeit;1;72;61;89;39;50;50;67;61;72;72;2024-03-19 11:53:14.000
Handel;Weniger als 5000;"""Mitarbeitende:r aus dem Team""";AuÇ?endienstmitarbeiter;;Fachkraft im Bereich Vertrieb;Vollzeit;0;83;83;83;83;83;78;78;100;100;100;2024-03-21 11:41:30.000
Handel;Weniger als 5000;"""Mitarbeitende:r aus dem Team""";Mitarbeiter im Kundenservice;Kundenservice-Manager/Kundenservice-Managerin;Kundenservice-Manager/Kundenservice-Managerin;Vollzeit;1;28;22;17;50;33;72;28;56;39;39;2024-03-21 11:42:33.000
Handel;Weniger als 5000;"""Mitarbeitende:r aus dem Team""";AuÇ?endienstmitarbeiter;;;Vollzeit;0;72;83;83;78;83;89;89;72;83;83;2024-03-21 11:42:54.000
Dienstleistungen;Weniger als 1000;"""Mitarbeitende:r aus dem Team""";Markeringmanager;;Führungskraft für Marketing;Vollzeit;0;83;78;67;67;67;61;72;72;78;72;2024-03-21 11:42:55.000
Handel;Weniger als 5000;"""Mitarbeitende:r aus dem Team""";Produktmanager;Produktentwicklungsmanager/Produktentwicklungsmanagerin;Produktentwicklungsmanager/Produktentwicklungsmanagerin;Vollzeit;1;94;83;78;67;89;72;67;83;94;83;2024-03-21 11:43:02.000
Dienstleistungen;Weniger als 50;"""Mitarbeitende:r aus dem Team""";Dualer Student in der GeschÇÏftsstelle;;;Vollzeit;1;78;72;89;89;72;83;94;44;56;83;2024-03-21 11:43:43.000
Produzierendes Gewerbe / Industrie;Weniger als 1000;"""Mitarbeitende:r aus dem Team""";Vertriebsmitarbeiter;;Fachkraft im Bereich Vertrieb;Vollzeit;0;94;89;100;100;100;100;100;100;100;100;2024-03-21 11:44:42.000
Handel;Weniger als 1000;"""Mitarbeitende:r aus dem Team""";Recruiter;;Einstellungsberater/Einstellungsberaterin;Vollzeit;1;61;61;72;89;67;94;89;61;50;72;2024-03-21 11:45:07.000
Ç?ffentlicher Sektor;Weniger als 500;"""Mitarbeitende:r aus dem Team""";Marketing und Ç?ffentlichkeitsarbeit (PR);;Marketingassistent/Marketingassistentin;Vollzeit;0;94;72;67;67;78;78;61;50;44;61;2024-03-21 11:45:09.000
Dienstleistungen;Weniger als 500;"""Mitarbeitende:r aus dem Team""";Recruiter ;;Einstellungsberater/Einstellungsberaterin;Vollzeit;0;83;67;78;72;100;72;100;78;72;100;2024-03-21 11:45:14.000
Sonstiges;10.000 und mehr;"""Andere Rolle""";Fachkraft im Controlling;;Controller/Controllerin;Vollzeit;1;61;89;78;72;67;67;78;83;83;89;2024-03-21 11:45:33.000
Produzierendes Gewerbe / Industrie;Weniger als 5000;"""Mitarbeitende:r aus dem Team""";Key Account Manager;;Manager/Managerin;;1;83;83;100;89;83;100;72;100;72;72;2024-03-21 11:46:00.000
Produzierendes Gewerbe / Industrie;10.000 und mehr;"""Mitarbeitende:r aus dem Team""";Social Publishing;Online-Marketingspezialist/Online-Marketingspezialistin;Online-Marketingspezialist/Online-Marketingspezialistin;Vollzeit;1;89;50;72;61;83;56;39;50;56;78;2024-03-21 11:46:03.000
Ç?ffentlicher Sektor;10.000 und mehr;"""Mitarbeitende:r aus dem Team""";Sachbearbeiter;Sachbearbeiter fÇ¬r den Bereich Zwangsvollstreckung/Sachbearbeiterin fÇ¬r den Bereich Zwangsvollstreckung;Sachbearbeiter fÇ¬r den Bereich Zwangsvollstreckung/Sachbearbeiterin fÇ¬r den Bereich Zwangsvollstreckung;Beides mÇôglich;0;61;78;50;56;50;100;72;17;67;39;2024-03-21 11:46:08.000
Produzierendes Gewerbe / Industrie;Weniger als 10.000;"""Mitarbeitende:r aus dem Team""";Costumer Experience Management;;Kundenerfahrungsmanager/Kundenerfahrungsmanagerin;Vollzeit;1;89;83;67;94;67;100;89;56;44;72;2024-03-21 11:48:21.000
Handel;Weniger als 500;"""Andere Rolle""";Dualer Student;;;Vollzeit;0;56;39;61;67;67;72;61;50;67;67;2024-03-21 11:48:40.000
Gesundheits- und Bildungssektor;Weniger als 50;"""Andere Rolle""";Dualer Student fÇ¬r BWL Dienstleistungsmanagement - Sportmanagement;;;Vollzeit;0;67;50;67;67;67;67;67;67;67;67;2024-03-21 11:48:50.000
Handel;Weniger als 10.000;"""Andere Rolle""";Key Account Manager;;Manager/Managerin;Vollzeit;1;78;61;94;78;67;89;89;78;67;72;2024-03-21 11:49:08.000
Handel;Weniger als 10.000;"""Mitarbeitende:r aus dem Team""";Disposition ;;Frachtdisponent/Frachtdisponentin;Vollzeit;1;78;44;61;72;67;72;33;56;89;50;2024-03-21 11:49:36.000
Handel;Weniger als 50;"""Mitarbeitende:r aus dem Team""";;Verkaufssachbearbeiter/Verkaufssachbearbeiterin;Verkaufssachbearbeiter/Verkaufssachbearbeiterin;Vollzeit;0;44;28;56;33;39;50;44;28;28;28;2024-03-21 11:50:17.000
Produzierendes Gewerbe / Industrie;Weniger als 500;"""Andere Rolle""";ERP Anwendungsbetreuer ;;IT-Systemadministrator/IT-Systemadministratorin;Vollzeit;0;78;67;61;67;94;50;33;78;44;39;2024-03-21 11:51:43.000
Energie- und Wasserversorgung / Umwelt;Weniger als 500;"""Oberes Management""";Leitung Verkauf;Energiemanager/Energiemanagerin;Verkaufsleiter/Verkaufsleiterin;Vollzeit;0;100;61;83;89;72;83;50;50;78;89;2024-03-23 13:31:22.000
Sonstiges;Weniger als 5000;"""Mitarbeitende:r aus dem Team""";Mitarbeiter;Metallziehmaschinenbediener/Metallziehmaschinenbedienerin;Metallziehmaschinenbediener/Metallziehmaschinenbedienerin;Vollzeit;1;33;67;72;50;61;72;72;39;39;67;2024-03-25 12:05:38.000
IT, Medien und Telekommunikation;10.000 und mehr;"""Mitarbeitende:r aus dem Team""";Specialista zÇ­kaznickÇ¸ linky ;Spezialist fÇ¬r Preiskalkulation/Spezialistin fÇ¬r Preiskalkulation;Spezialist für Preiskalkulation/Spezialistin für Preiskalkulation;Vollzeit;1;67;56;94;56;50;89;67;50;28;89;2024-03-25 21:52:54.000
Gesundheits- und Bildungssektor;Weniger als 50;"""Oberes Management""";MFA/ MTA;Medizinisch-technischer Laborassistent/Medizinisch-technische Laborassistentin;Medizinisch-technischer Laborassistent/Medizinisch-technische Laborassistentin;Beides mÇôglich;0;100;100;94;83;78;94;89;72;17;72;2024-03-26 15:24:26.000
Dienstleistungen;Weniger als 50;"""Bereichsleitung""";HR Manager (m/w/d);Personalberater/Personalberaterin;Personalberater/Personalberaterin;Vollzeit;1;100;39;50;67;61;67;83;67;50;100;2024-03-27 09:57:36.000
Sonstiges;;[];;;;;0;0;0;0;0;0;0;0;0;0;0;2024-04-04 07:13:15.000
Handel;Weniger als 5000;"""Mitarbeitende:r aus dem Team""";Frische VerkÇÏuferIn;VerkÇÏufer/VerkÇÏuferin;VerkÇÏufer/VerkÇÏuferin;Vollzeit;0;39;67;67;83;72;94;33;39;44;39;2024-04-04 11:33:26.000
Handel;10.000 und mehr;"""Andere Rolle""";Sachbearbeiter Personalreferat;Personalsachbearbeiter/Personalsachbearbeiterin;Personalsachbearbeiter/Personalsachbearbeiterin;Vollzeit;1;50;50;56;67;56;61;61;72;94;94;2024-04-04 11:33:27.000
Sonstiges;Weniger als 500;"""Andere Rolle""";BÇÏckereifachverkÇÏuferin;;Fachverkäufer für Bäckerei- und Konditoreiwaren/Fachverkäuferin für Bäckerei- und Konditoreiwaren;Beides mÇôglich;0;50;56;83;78;61;89;61;56;61;28;2024-04-04 11:33:44.000
Handel;Weniger als 500;"""Andere Rolle""";Dualer Student;;;Vollzeit;0;56;67;83;56;67;89;94;78;67;94;2024-04-04 11:34:19.000
Handel;Weniger als 100;"""Mitarbeitende:r aus dem Team""";Abteilungsleiter ;;Abteilungsleiter/Abteilungsleiterin;Beides mÇôglich;0;78;83;83;61;67;89;78;67;78;78;2024-04-04 11:34:23.000
Produzierendes Gewerbe / Industrie;Weniger als 10.000;"""Mitarbeitende:r aus dem Team""";Standortleitung QualitÇÏtssicherung/-management (m/w/d);Lebensmitteltechniker/Lebensmitteltechnikerin;Qualitätsmanager/Qualitätsmanagerin;Vollzeit;0;100;94;94;100;89;89;94;78;67;83;2024-04-04 11:34:24.000
Handel;Weniger als 500;"""Mitarbeitende:r aus dem Team""";Fachkraft Lebensmittelsicherheit;Fachkraft Lebensmittelsicherheit;Fachkraft Lebensmittelsicherheit;Beides mÇôglich;0;56;72;89;56;61;67;89;83;78;100;2024-04-04 11:34:33.000
Dienstleistungen;Weniger als 1000;"""Andere Rolle""";Koch ;;Koch/Köchin;Beides mÇôglich;0;89;72;72;78;89;67;17;39;67;72;2024-04-04 11:34:43.000
Sonstiges;Weniger als 500;"""Mitarbeitende:r aus dem Team""";Eventmanager;;Eventmanager/Eventmanagerin;Vollzeit;0;100;100;100;94;94;94;94;78;56;94;2024-04-04 11:35:19.000
Handel;Weniger als 500;"""Mitarbeitende:r aus dem Team""";BÇ¬rofachkraft;;Bürokaufmann/Bürokauffrau;;0;78;33;67;50;67;44;67;56;56;67;2024-04-04 11:35:42.000
Produzierendes Gewerbe / Industrie;Weniger als 1000;"""Mitarbeitende:r aus dem Team""";BÇÏckereifachverkÇÏuferin;;Fachverkäufer für Bäckerei- und Konditoreiwaren/Fachverkäuferin für Bäckerei- und Konditoreiwaren;Vollzeit;0;72;61;67;89;83;94;83;50;22;78;2024-04-04 11:36:40.000
Handel;10.000 und mehr;"""Andere Rolle""";;EinkÇÏufer/EinkÇÏuferin;Einkäufer/Einkäuferin;Vollzeit;0;89;67;100;100;89;33;100;89;83;94;2024-04-04 11:36:46.000
Dienstleistungen;Weniger als 100;"""Mitarbeitende:r aus dem Team""";Duale Studentin im Bereich Einkauf;EinkÇÏufer/EinkÇÏuferin;Einkäufer/Einkäuferin;Vollzeit;0;67;83;72;83;89;89;94;67;61;72;2024-04-04 11:37:37.000
Produzierendes Gewerbe / Industrie;Weniger als 500;"""Andere Rolle""";Prduktmanager*in;Produktmanager/Produktmanagerin;Produktmanager/Produktmanagerin;Vollzeit;1;89;72;94;83;72;83;89;72;67;78;2024-04-04 11:38:17.000
Handel;Weniger als 500;"""Mitarbeitende:r aus dem Team""";Vertriebsinnendienst - Kundenberater im Backoffice;;Kundenbetreuer/Kundenbetreuerin;Beides mÇôglich;1;61;72;72;83;94;94;72;67;72;72;2024-04-04 11:38:54.000
Handel;10.000 und mehr;"""Mitarbeitende:r aus dem Team""";Social media manager;Digital-Marketing-Manager/Digital-Marketing-Managerin;Digital-Marketing-Manager/Digital-Marketing-Managerin;Beides mÇôglich;1;89;61;67;67;72;72;67;67;67;61;2024-04-04 11:40:22.000
Handwerk;Weniger als 100;"""Andere Rolle""";Konditoren, KÇôche, BÇÏcker, HilfskrÇÏfte;;Konditor/Konditorin;Beides mÇôglich;0;72;78;61;78;61;67;78;61;44;72;2024-04-04 11:40:45.000
Handel;10.000 und mehr;"""Mitarbeitende:r aus dem Team""";Projektleiter Global Service & Support;IT-Kundenbetreuer/IT-Kundenbetreuerin;IT-Kundenbetreuer/IT-Kundenbetreuerin;Vollzeit;0;83;83;83;83;83;83;83;83;83;83;2024-04-09 07:16:05.000
Handel;Weniger als 5000;"""Andere Rolle""";;;;Vollzeit;1;72;72;67;67;67;67;67;67;67;67;2024-04-09 07:16:12.000
Handel;10.000 und mehr;"""Andere Rolle""";Projektleiter Internationaler Einkauf;IT-Kundenbetreuer/IT-Kundenbetreuerin;internationaler Logistikmanager/internationale Logistikmanagerin;Vollzeit;1;83;72;83;89;83;78;72;72;83;83;2024-04-09 07:17:41.000
Handel;10.000 und mehr;"""Mitarbeitende:r aus dem Team""";IT Consultant;Projektmanager/Projektmanagerin;IT-Consultant für Systemintegration;Vollzeit;1;67;67;67;67;67;67;67;67;67;67;2024-04-09 07:20:16.000
Produzierendes Gewerbe / Industrie;Weniger als 5000;"""Mitarbeitende:r aus dem Team""";Fachinformatiker;Medizinisch-technischer Laborassistent/Medizinisch-technische Laborassistentin;Informatiker/Informatikerin;Vollzeit;1;83;67;72;72;78;67;72;72;67;78;2024-04-09 07:22:30.000
Produzierendes Gewerbe / Industrie;Weniger als 500;"""Andere Rolle""";;;;Vollzeit;0;50;61;56;44;67;44;61;72;61;83;2024-04-09 07:22:37.000
Dienstleistungen;Weniger als 50;"""Mitarbeitende:r aus dem Team""";Informatiker ;;Informatiker/Informatikerin;;1;39;78;61;50;67;78;78;72;72;61;2024-04-09 07:22:39.000
Handel;Weniger als 10.000;"""Mitarbeitende:r aus dem Team""";Professionell ;Informatiker/Informatikerin;Informatiker/Informatikerin;Beides mÇôglich;1;78;72;94;72;72;78;78;61;67;61;2024-04-09 07:22:48.000
Energie- und Wasserversorgung / Umwelt;Weniger als 10.000;"""Mitarbeitende:r aus dem Team""";;;;Vollzeit;0;67;67;67;67;61;67;67;61;56;61;2024-04-09 07:23:51.000
Handel;10.000 und mehr;"""Mitarbeitende:r aus dem Team""";IT Consultant;IT-Projektmanager/IT-Projektmanagerin;IT-Projektmanager/IT-Projektmanagerin;Beides mÇôglich;1;67;50;78;83;61;78;83;83;67;67;2024-04-09 07:24:00.000
Handel;10.000 und mehr;"""Mitarbeitende:r aus dem Team""";Informatiker;Informatiker/Informatikerin;Informatiker/Informatikerin;Vollzeit;1;78;67;78;89;89;94;89;50;61;83;2024-04-09 07:24:25.000
Handel;10.000 und mehr;"""Mitarbeitende:r aus dem Team""";IT Projektleiter Service & Support;IT-Projektmanager/IT-Projektmanagerin;IT-Projektmanager/IT-Projektmanagerin;Vollzeit;1;89;67;78;83;83;67;61;67;56;83;2024-04-09 07:24:46.000
Energie- und Wasserversorgung / Umwelt;10.000 und mehr;"""Mitarbeitende:r aus dem Team""";Mitarbeiter;Informatiker/Informatikerin;Informatiker/Informatikerin;Vollzeit;0;44;56;72;67;67;67;67;67;67;67;2024-04-09 07:26:29.000
Handel;10.000 und mehr;"""Mitarbeitende:r aus dem Team""";Projektleiter im WarengeschÇÏft;Informatiker/Informatikerin;Informatiker/Informatikerin;Vollzeit;1;72;78;100;89;72;78;78;78;50;72;2024-04-09 07:29:35.000
Handel;10.000 und mehr;"""Andere Rolle""";EinkÇÏufer;Ertragsmanager/Ertragsmanagerin;Einkäufer/Einkäuferin;Vollzeit;0;100;83;89;89;83;78;94;83;72;72;2024-04-09 07:58:16.000
Handel;Weniger als 5000;"""Andere Rolle""";Internationaler disponent ;Ertragsmanager/Ertragsmanagerin;Frachtdisponent/Frachtdisponentin;Vollzeit;0;72;67;94;100;72;89;83;67;61;61;2024-04-09 08:00:04.000
Handel;10.000 und mehr;"""Mitarbeitende:r aus dem Team""";Mitarbeiter Verkauf Frischfisch;FachverkÇÏufer/FachverkÇÏuferin;Fachverkäufer/Fachverkäuferin;Vollzeit;0;61;83;83;94;78;100;78;67;67;94;2024-04-09 08:00:51.000
Produzierendes Gewerbe / Industrie;Weniger als 1000;"""Mitarbeitende:r aus dem Team""";VerkÇÏufer*in in unserer Filiale am Karlsplatz Stachus ;VerkÇÏufer/VerkÇÏuferin;Verkäufer/Verkäuferin;Teilzeit;0;78;39;44;78;72;100;67;50;61;67;2024-04-09 08:01:09.000
Dienstleistungen;Weniger als 50;"""Andere Rolle""";Restaurantmanager;Restaurantmanager/Restaurantmanagerin;Restaurantmanager/Restaurantmanagerin;Vollzeit;0;67;72;78;67;50;89;67;100;61;94;2024-04-09 08:01:22.000
Handel;Weniger als 1000;"""Mitarbeitende:r aus dem Team""";Abteilungsleiter fÇ¬r SB-Wurst und Convenience ;EinzelhÇÏndler/EinzelhÇÏndlerin;Vertriebsleiter für Fleisch und Fleischprodukte/Vertriebsleiterin für Fleisch und Fleischprodukte;Vollzeit;0;67;61;89;100;83;83;83;83;72;78;2024-04-09 08:01:35.000
Handel;10.000 und mehr;"""Mitarbeitende:r aus dem Team""";Einkaufsassistenz;;Einkäufer/Einkäuferin;Vollzeit;1;72;83;94;100;83;83;89;78;83;83;2024-04-09 08:01:46.000
Sonstiges;Weniger als 50;"""Mitarbeitende:r aus dem Team""";Eventmanager;Eventmanager/Eventmanagerin;Eventmanager/Eventmanagerin;Vollzeit;1;78;50;94;89;56;78;78;50;83;72;2024-04-09 08:03:29.000
Handel;10.000 und mehr;"""Mitarbeitende:r aus dem Team""";Einkaufsleiter;Einkaufsleiter/Einkaufsleiterin;Einkaufsleiter/Einkaufsleiterin;Vollzeit;0;100;100;100;100;67;33;67;33;67;33;2024-04-09 08:03:32.000
Handel;Weniger als 1000;"""Mitarbeitende:r aus dem Team""";FachverkÇÏufer fÇ¬r Fleisch- und Wurstwaren;FachverkÇÏufer fÇ¬r Fleisch- und Wurstwaren/FachverkÇÏuferin fÇ¬r Fleisch- und Wurstwaren;Fachverkäufer für Fleisch- und Wurstwaren/Fachverkäuferin für Fleisch- und Wurstwaren;Beides mÇôglich;0;50;22;61;78;56;56;50;78;83;39;2024-04-09 08:04:00.000
Handel;Weniger als 5000;"""Andere Rolle""";Junior Projektassistent;;Fachkraft für Projektunterstützung;Vollzeit;1;72;72;83;94;67;89;83;56;50;94;2024-04-09 08:04:06.000
Produzierendes Gewerbe / Industrie;Weniger als 500;"""Mitarbeitende:r aus dem Team""";Controlling ;Prognosemanager/Prognosemanagerin;Prognosemanager/Prognosemanagerin;Beides mÇôglich;0;78;67;83;61;61;33;56;67;39;89;2024-04-09 08:05:00.000
Handel;Weniger als 5000;"""Andere Rolle""";Junior Consultant bei Branding and Packaging;Mediengestalter Digital und Print ƒ?? Gestaltung und Technik/Mediengestalterin Digital und Print ƒ?? Gestaltung und Technik;Mediengestalter Digital und Print – Gestaltung und Technik/Mediengestalterin Digital und Print – Gestaltung und Technik;Beides mÇôglich;1;67;72;72;61;50;50;44;89;89;50;2024-04-09 08:06:33.000
Ç?ffentlicher Sektor;Weniger als 1000;"""Bereichsleitung""";VertriebsunterstÇ¬tzung;Ertragsmanager/Ertragsmanagerin;Fachkraft im Bereich Vertrieb;Teilzeit;1;83;67;72;67;83;83;94;61;67;78;2024-04-09 08:14:43.000
Handel;10.000 und mehr;"""Mitarbeitende:r aus dem Team""";Senior Projektleiter;Projektmanager/Projektmanagerin;Projektmanager/Projektmanagerin;Vollzeit;1;94;100;89;100;100;100;100;100;100;100;2024-04-10 07:15:31.000
Produzierendes Gewerbe / Industrie;Weniger als 10.000;"""Mitarbeitende:r aus dem Team""";Key Account Manager;Ertragsmanager/Ertragsmanagerin;Ertragsmanager/Ertragsmanagerin;Vollzeit;0;33;50;56;83;83;83;72;72;83;89;2024-04-10 07:15:52.000
Handel;Weniger als 500;"""Mitarbeitende:r aus dem Team""";Projektmanager E-Commerce;;Projektmanager/Projektmanagerin;Vollzeit;1;100;94;100;100;100;100;100;100;100;83;2024-04-10 07:16:04.000
IT, Medien und Telekommunikation;10.000 und mehr;"""Andere Rolle""";Digital Marketing Manager Paid Search;Digital-Marketing-Manager/Digital-Marketing-Managerin;Digital-Marketing-Manager/Digital-Marketing-Managerin;Vollzeit;1;67;67;83;83;78;78;78;78;83;72;2024-04-10 07:16:51.000
Handel;10.000 und mehr;"""Mitarbeitende:r aus dem Team""";Dualer Student;;;Vollzeit;0;83;89;89;94;94;89;89;83;94;89;2024-04-10 07:17:12.000
Handel;Weniger als 500;"""Andere Rolle""";;Entwickler von BenutzeroberflÇÏchen/Entwicklerin von BenutzeroberflÇÏchen;;Vollzeit;1;78;61;72;89;56;11;50;50;61;78;2024-04-10 07:17:50.000
Handel;Weniger als 500;"""Andere Rolle""";Social Media Manager;Digital-Marketing-Manager/Digital-Marketing-Managerin;Digital-Marketing-Manager/Digital-Marketing-Managerin;Vollzeit;1;94;78;83;78;83;56;72;39;56;61;2024-04-10 07:18:19.000
Handel;Weniger als 5000;"""Mitarbeitende:r aus dem Team""";GroÇ?kundenverkÇÏufer;GroÇ?hÇÏndler/GroÇ?hÇÏndlerin;Großhändler/Großhändlerin;Vollzeit;0;72;72;89;94;89;83;83;100;89;89;2024-04-10 07:18:25.000
IT, Medien und Telekommunikation;10.000 und mehr;"""Andere Rolle""";Junior Consultant ;IT-Consultant fÇ¬r Systemintegration;IT-Consultant für Systemintegration;Vollzeit;0;78;78;94;94;83;100;83;78;67;89;2024-04-10 07:18:26.000
Handel;10.000 und mehr;"""Mitarbeitende:r aus dem Team""";Manager Brand Experience;;Brand Manager/Brand Managerin;Vollzeit;1;78;67;89;72;83;61;89;67;72;72;2024-04-10 07:18:30.000
IT, Medien und Telekommunikation;Weniger als 10.000;"""Mitarbeitende:r aus dem Team""";(Junior) Professional Business Consulting;IT-Consultant fÇ¬r Systemintegration;IT-Consultant für Systemintegration;Vollzeit;1;89;78;61;78;89;94;83;72;67;83;2024-04-10 07:19:06.000
Handel;10.000 und mehr;"""Mitarbeitende:r aus dem Team""";Performance Marketing Manager;;Führungskraft für Marketing;Vollzeit;1;83;61;83;67;78;72;78;50;50;78;2024-04-10 07:19:15.000
Produzierendes Gewerbe / Industrie;10.000 und mehr;"""Mitarbeitende:r aus dem Team""";Key Account Manager Professional;Ertragsmanager/Ertragsmanagerin;Ertragsmanager/Ertragsmanagerin;Vollzeit;1;83;61;89;78;56;78;89;72;61;89;2024-04-10 07:19:16.000
Handel;10.000 und mehr;"""Andere Rolle""";Projektleiterin Apps und Systeme;Programmmanager/Programmmanagerin;IT-Projektmanager/IT-Projektmanagerin;Vollzeit;1;61;61;94;89;78;78;72;56;44;67;2024-04-10 07:19:19.000
Gesundheits- und Bildungssektor;Weniger als 50;"""Oberes Management""";MFA;Medizinisch-technischer Laborassistent/Medizinisch-technische Laborassistentin;Medizinischer Fachangestellter/Medizinische Fachangestellte;Teilzeit;0;83;56;78;94;78;83;94;78;83;100;2024-04-14 16:31:02.000
Verkehr, Transport und Logistik;10.000 und mehr;"""Bereichsleitung""";Teamleiter Lagerlogistik;FÇ¬hrungskraft in der Lagerwirtschaft;Führungskraft in der Lagerwirtschaft;Vollzeit;0;50;78;83;61;72;50;56;78;72;89;2024-04-18 12:55:59.000
Handel;Weniger als 10.000;"""Mitarbeitende:r aus dem Team""";Webcontent;Web-Content-Manager/Web-Content-Managerin;Web-Content-Manager/Web-Content-Managerin;Vollzeit;0;61;56;61;44;78;72;44;72;89;83;2024-04-19 08:11:01.000
Handel;10.000 und mehr;"""Mitarbeitende:r aus dem Team""";VerkÇÏufer / VerkÇÏuferin  ;VerkÇÏufer/VerkÇÏuferin;Verkäufer/Verkäuferin;Vollzeit;0;78;78;94;72;72;89;83;78;72;67;2024-04-19 08:11:01.000
Handel;10.000 und mehr;"""Bereichsleitung""";Warenbereichsleiter;;Verkaufsleiter/Verkaufsleiterin;Vollzeit;0;56;67;67;61;56;61;50;67;61;61;2024-04-19 08:11:33.000
Handel;10.000 und mehr;"""Mitarbeitende:r aus dem Team""";FachverkÇÏufer fÇ¬r Fleisch und Wurstprodukte;FachverkÇÏufer/FachverkÇÏuferin;Fachverkäufer für Fleisch- und Wurstwaren/Fachverkäuferin für Fleisch- und Wurstwaren;Teilzeit;0;89;94;89;94;72;94;67;67;83;94;2024-04-19 08:14:07.000
Handel;10.000 und mehr;"""Mitarbeitende:r aus dem Team""";VerkÇÏufer im Einzelhandel;VerkÇÏufer/VerkÇÏuferin;Verkäufer/Verkäuferin;Teilzeit;0;17;44;17;78;56;100;17;33;28;22;2024-04-19 08:14:57.000
Handel;10.000 und mehr;"""Mitarbeitende:r aus dem Team""";Kassenkraft in Teilzeit / Vollzeit;Kassierer/Kassiererin;Kassierer/Kassiererin;Beides mÇôglich;0;0;56;22;56;50;100;28;56;28;39;2024-04-19 08:15:00.000
Handel;10.000 und mehr;"""Mitarbeitende:r aus dem Team""";Duale Studentin im Einkauf;;;Vollzeit;1;83;67;94;39;44;78;72;33;44;72;2024-04-19 08:15:31.000
Handel;10.000 und mehr;"""Andere Rolle""";Duale Student;Verkaufsleiter/Verkaufsleiterin;;Vollzeit;0;61;61;78;78;56;50;67;61;72;56;2024-04-19 08:15:42.000
Handel;10.000 und mehr;"""Mitarbeitende:r aus dem Team""";Junior EinkÇÏufer Nonfood;EinkÇÏufer/EinkÇÏuferin;Einkäufer/Einkäuferin;Vollzeit;1;89;39;78;72;61;72;44;56;39;67;2024-04-19 08:15:56.000
Handel;10.000 und mehr;"""Mitarbeitende:r aus dem Team""";;VerkÇÏufer/VerkÇÏuferin;Verkäufer/Verkäuferin;Beides mÇôglich;0;50;44;39;72;44;44;22;39;78;56;2024-04-19 08:16:05.000
Handel;10.000 und mehr;"""Mitarbeitende:r aus dem Team""";Junior EinkÇÏufer Obst&GemÇ¬se;EinkÇÏufer/EinkÇÏuferin;Einkäufer/Einkäuferin;Vollzeit;1;83;83;89;67;72;94;83;56;78;61;2024-04-19 08:16:14.000
Handel;10.000 und mehr;"""Mitarbeitende:r aus dem Team""";Duale Studentin im Internationalen Einkauf;;;Vollzeit;0;78;78;94;78;50;78;78;50;50;83;2024-04-19 08:16:30.000
Handel;10.000 und mehr;"""Mitarbeitende:r aus dem Team""";Kassierer;VerkÇÏufer/VerkÇÏuferin;Kassierer/Kassiererin;Teilzeit;0;56;44;56;44;33;61;50;39;22;22;2024-04-19 08:16:44.000
Handel;10.000 und mehr;"""Mitarbeitende:r aus dem Team""";Dualer Student ;;;Vollzeit;0;67;50;72;61;67;50;78;50;28;67;2024-04-19 08:18:14.000
Handel;10.000 und mehr;"""Mitarbeitende:r aus dem Team""";Dualer Student;Warenhausleiter/Warenhausleiterin;;Vollzeit;1;78;56;94;61;78;94;100;56;56;72;2024-04-19 08:19:01.000
Handel;10.000 und mehr;"""Mitarbeitende:r aus dem Team""";VerkÇÏufer/Kassierer ;VerkÇÏufer/VerkÇÏuferin;Verkäufer/Verkäuferin;Teilzeit;0;50;72;56;83;89;56;72;56;50;22;2024-04-19 08:19:32.000
Handel;10.000 und mehr;"""Mitarbeitende:r aus dem Team""";;VerkÇÏufer/VerkÇÏuferin;Verkäufer/Verkäuferin;Teilzeit;0;11;39;39;72;33;67;50;56;83;17;2024-04-19 08:19:58.000
Verkehr, Transport und Logistik;10.000 und mehr;"""Bereichsleitung""";Warehouse Operator;Lagerarbeiter/Lagerarbeiterin;Lagerarbeiter/Lagerarbeiterin;Vollzeit;0;22;22;28;33;50;33;22;89;56;28;2024-04-19 09:46:24.000
Verkehr, Transport und Logistik;10.000 und mehr;"""Bereichsleitung""";Team Leiter Logistik;FÇ¬hrungskraft in der Lagerwirtschaft;Führungskraft in der Lagerwirtschaft;Vollzeit;0;89;61;78;61;50;78;72;44;44;44;2024-04-19 10:53:06.000
Verkehr, Transport und Logistik;10.000 und mehr;"""Bereichsleitung""";Operations Manager;Betriebsleiter/Betriebsleiterin;Betriebsleiter/Betriebsleiterin;Vollzeit;0;78;50;78;50;67;44;22;44;50;89;2024-04-19 10:59:02.000
Handwerk;Weniger als 100;"""HR\/Recruiting""";Recruiter;;Einstellungsberater/Einstellungsberaterin;Beides mÇôglich;1;89;83;56;83;83;83;83;83;83;83;2024-04-19 11:29:50.000