"sector";"company_size";"user_role";"job_position";"occupation";"working_times";"home_office";"self_initiative";"flexibility";"leadership";"communication";"creativity";"customer_orientation";"organization";"problem_solving";"resilience";"goal_orientation";"created"
"";"";[];Datenwissenschaftler/Datenwissenschaftlerin;;;;83;83;;83;83;83;83;83;83;83;"2023-03-28 15:57:45"
"";"";[];"";"";"";0;83;42;50;72;75;50;67;33;61;67;"2023-05-15 14:29:10"
Sonstiges;Weniger als 100;"[""flex. Arbeitszeiten"",""Homeoffice"",""Kinderbetreuung""]";Buchalterin ;Lohn- und Gehaltsbuchhalter/Lohn- und Gehaltsbuchhalterin;Teilzeit;1;83;42;61;72;71;78;56;61;44;72;"2023-05-22 21:19:54"
Produzierendes Gewerbe / Industrie;Weniger als 500;"[""Homeoffice"",""flex. Arbeitszeiten"",""Mobiles Arbeiten"",""Gesundheitsf\u00f6rderung \/ -ma\u00dfnahmen"",""betriebliche Altersvorsorge"",""Verm\u00f6genswirksame Leistungen""]";Produktmanager;Manager/Managerin;Vollzeit;1;83;67;56;61;63;50;78;67;83;56;"2023-05-30 12:18:10"
IT, Medien und Telekommunikation;Weniger als 100;"[""Homeoffice"",""flex. Arbeitszeiten"",""Mobiles Arbeiten"",""Gesundheitsf\u00f6rderung \/ -ma\u00dfnahmen"",""Fortbildungsangebote"",""internationale Arbeitseins\u00e4tze m\u00f6glich""]";"";Mediengestalter Digital und Print – Gestaltung und Technik/Mediengestalterin Digital und Print – Gestaltung und Technik;Vollzeit;1;83;67;72;83;67;72;94;67;56;72;"2023-06-02 07:52:29"
Sonstiges;Weniger als 5000;"[""flex. Arbeitszeiten"",""Homeoffice"",""Mitarbeiter-Events"",""betriebliche Altersvorsorge"",""Mitarbeiter-Beteiligung"",""Verm\u00f6genswirksame Leistungen"",""Fortbildungsangebote"",""gute Verkehrsanbindung"",""internationale Arbeitseins\u00e4tze m\u00f6glich""]";Sicherheitsmitarbeiter;Abfallentsorgungsarbeiter und sonstige Hilfsarbeitskräfte;Vollzeit;1;78;75;72;83;63;78;67;61;67;78;"2023-06-13 11:34:53"
Dienstleistungen;Weniger als 50;"[""Homeoffice"",""flex. Arbeitszeiten"",""Mobiles Arbeiten"",""Mitarbeiter-Events"",""Gesundheitsf\u00f6rderung \/ -ma\u00dfnahmen"",""Mitarbeiter-Beteiligung"",""Fortbildungsangebote""]";MitarbeiterIn in der Kundenbetreuung;Kundenbetreuer/Kundenbetreuerin;Beides möglich;1;72;67;78;78;75;100;50;61;56;67;"2023-06-19 09:42:17"
Dienstleistungen;Weniger als 50;"[""Homeoffice"",""flex. Arbeitszeiten"",""Mobiles Arbeiten"",""Kinderbetreuung"",""Mitarbeiter-Events"",""Gesundheitsf\u00f6rderung \/ -ma\u00dfnahmen"",""betriebliche Altersvorsorge"",""Fortbildungsangebote""]";Rekruiter:in;Personalberater/Personalberaterin;Beides möglich;1;83;92;83;83;71;100;61;83;78;39;"2023-06-19 13:47:37"
Produzierendes Gewerbe / Industrie;Weniger als 100;"[""Homeoffice"",""gute Verkehrsanbindung"",""Mobiles Arbeiten"",""flex. Arbeitszeiten""]";"";"";Vollzeit;1;100;92;100;89;100;94;100;94;83;89;"2023-06-27 18:58:22"
Produzierendes Gewerbe / Industrie;Weniger als 1000;"[""Homeoffice"",""flex. Arbeitszeiten"",""Mobiles Arbeiten"",""Mitarbeiter-Events"",""Kantine \/ Essenzulagen"",""Gesundheitsf\u00f6rderung \/ -ma\u00dfnahmen"",""Mitarbeiter-Beteiligung"",""betriebliche Altersvorsorge"",""Verm\u00f6genswirksame Leistungen"",""Fortbildungsangebote"",""Mitarbeiter-Rabatte"",""Parkplatz"",""gute Verkehrsanbindung"",""Job-Rotation"",""internationale Arbeitseins\u00e4tze m\u00f6glich""]";Projektmanagement;Projektmanager/Projektmanagerin;Beides möglich;0;61;50;72;56;79;72;89;61;56;78;"2023-07-04 20:30:15"
Gesundheits- und Bildungssektor;Weniger als 1000;"[""Kantine \/ Essenzulagen"",""Mitarbeiter-Events"",""betriebliche Altersvorsorge"",""Mitarbeiter-Rabatte"",""Fortbildungsangebote"",""gute Verkehrsanbindung""]";Content Creator ;Büroassistent/Büroassistentin;Teilzeit;0;94;75;72;83;75;89;72;72;67;56;"2023-07-04 21:44:49"
Handel;Weniger als 10.000;"[""flex. Arbeitszeiten""]";"";"";Teilzeit;0;33;17;44;44;58;17;11;17;17;44;"2023-07-09 15:35:28"
"";"";[];"";"";"";0;89;100;100;83;71;94;72;67;61;67;"2023-07-12 21:56:04"
Gesundheits- und Bildungssektor;Weniger als 100;"[""flex. Arbeitszeiten"",""Kinderbetreuung""]";Helfer;Pflegehelfer;Teilzeit;1;94;42;89;100;92;94;83;56;56;83;"2023-07-13 13:19:58"
"";"";[];"";"";"";0;0;0;0;0;0;0;0;0;0;0;"2023-07-14 11:36:51"
Sonstiges;Weniger als 1000;"[""flex. Arbeitszeiten""]";CNC-Programmierer in Fräsen/Drehenmetall;"3D-Druck-Techniker/3D-Druck-Technikerin";Vollzeit;0;100;100;100;100;100;100;100;100;100;100;"2023-07-26 23:50:24"
Sonstiges;Weniger als 50;"[""Homeoffice"",""flex. Arbeitszeiten""]";Verwaltungsangestellte bei der Stadt Köln;Verwaltungsangestellter im Bereich Verteidigung/Verwaltungsangestellte im Bereich Verteidigung;Vollzeit;1;78;75;83;56;71;78;78;67;72;72;"2023-07-28 08:19:09"
IT, Medien und Telekommunikation;Weniger als 500;"[""Homeoffice"",""flex. Arbeitszeiten"",""Mobiles Arbeiten"",""Kinderbetreuung"",""Mitarbeiter-Events"",""Kantine \/ Essenzulagen"",""Gesundheitsf\u00f6rderung \/ -ma\u00dfnahmen"",""betriebliche Altersvorsorge"",""Verm\u00f6genswirksame Leistungen"",""Parkplatz""]";Technische Key Account Managerin;Projektmanager/Projektmanagerin;Vollzeit;1;67;58;72;89;71;83;61;50;89;100;"2023-08-07 14:02:13"
Gesundheits- und Bildungssektor;Weniger als 5000;"[""Homeoffice"",""Mitarbeiter-Events"",""Gesundheitsf\u00f6rderung \/ -ma\u00dfnahmen"",""Fortbildungsangebote"",""Mitarbeiter-Rabatte"",""flex. Arbeitszeiten""]";Projektreferent:in ;Projektmanager/Projektmanagerin;Vollzeit;1;83;67;83;78;83;83;72;61;78;72;"2023-08-09 10:36:17"
Dienstleistungen;Weniger als 500;"[""Homeoffice"",""flex. Arbeitszeiten"",""Mobiles Arbeiten"",""betriebliche Altersvorsorge"",""Mitarbeiter-Events"",""Kantine \/ Essenzulagen"",""Gesundheitsf\u00f6rderung \/ -ma\u00dfnahmen"",""Verm\u00f6genswirksame Leistungen"",""Fortbildungsangebote"",""Mitarbeiter-Rabatte"",""Parkplatz""]";"";Softwareentwickler;Vollzeit;1;78;67;100;94;92;89;94;50;67;89;"2023-08-13 19:37:10"
Gesundheits- und Bildungssektor;Weniger als 50;"[""flex. Arbeitszeiten""]";Wundmanager   Betreuungskraft;Krankenpfleger Allgemeine Krankenpflege/Krankenschwester Allgemeine Krankenpflege;Teilzeit;0;67;58;78;67;71;83;67;61;72;72;"2023-09-13 10:45:54"
Sonstiges;Weniger als 5000;"[""Kantine \/ Essenzulagen"",""Mitarbeiter-Events"",""Gesundheitsf\u00f6rderung \/ -ma\u00dfnahmen"",""gute Verkehrsanbindung"",""betriebliche Altersvorsorge""]";Wirtschafwisserin;Bürokräfte im Finanz- und Rechnungswesen und in der Statistik;Beides möglich;0;78;67;89;72;83;67;94;39;61;78;"2023-09-15 15:20:07"
Produzierendes Gewerbe / Industrie;Weniger als 100;"[""internationale Arbeitseins\u00e4tze m\u00f6glich"",""gute Verkehrsanbindung"",""betriebliche Altersvorsorge"",""Mobiles Arbeiten""]";"";"";"";0;78;67;83;94;88;94;44;22;33;44;"2023-09-20 08:11:00"
Öffentlicher Sektor;Weniger als 5000;"[""Homeoffice"",""flex. Arbeitszeiten"",""Mobiles Arbeiten"",""Kantine \/ Essenzulagen"",""betriebliche Altersvorsorge"",""Verm\u00f6genswirksame Leistungen"",""Mitarbeiter-Rabatte"",""internationale Arbeitseins\u00e4tze m\u00f6glich"",""Fortbildungsangebote"",""Parkplatz""]";Projektleitung KI-Projekte;Wissenschaftlicher Mitarbeiter/Wissenschaftliche Mitarbeiterin;Beides möglich;1;78;67;22;67;67;78;67;61;72;67;"2023-09-26 11:39:08"
Öffentlicher Sektor;Weniger als 5000;"[""Homeoffice"",""flex. Arbeitszeiten"",""Mobiles Arbeiten"",""Kantine \/ Essenzulagen"",""betriebliche Altersvorsorge"",""Verm\u00f6genswirksame Leistungen"",""Mitarbeiter-Rabatte"",""internationale Arbeitseins\u00e4tze m\u00f6glich"",""Fortbildungsangebote"",""Parkplatz""]";HiWi;Hilfsarbeitskräfte;Teilzeit;1;17;42;61;67;46;67;50;50;39;56;"2023-09-26 12:11:19"
Gesundheits- und Bildungssektor;Weniger als 500;"[""Homeoffice"",""flex. Arbeitszeiten"",""Mobiles Arbeiten"",""Fortbildungsangebote"",""internationale Arbeitseins\u00e4tze m\u00f6glich""]";Projektleiter KI-Projekte;Wissenschaftlicher Mitarbeiter/Wissenschaftliche Mitarbeiterin;Beides möglich;0;67;83;89;72;83;89;94;72;72;89;"2023-09-27 16:27:42"
"";"";[];"";"";"";0;94;92;94;94;88;89;94;72;61;83;"2023-10-11 18:35:15"
Produzierendes Gewerbe / Industrie;Weniger als 1000;"[""Homeoffice"",""flex. Arbeitszeiten"",""Mobiles Arbeiten"",""Mitarbeiter-Events"",""betriebliche Altersvorsorge"",""Verm\u00f6genswirksame Leistungen"",""Fortbildungsangebote"",""Mitarbeiter-Rabatte"",""Parkplatz"",""Hunde geduldet"",""gute Verkehrsanbindung"",""internationale Arbeitseins\u00e4tze m\u00f6glich""]";Junior Sales Manager;Vertriebstechniker/Vertriebstechnikerin;Vollzeit;0;89;67;83;72;71;83;78;72;61;56;"2023-10-17 15:54:31"
Dienstleistungen;"10.000 und mehr";"[""flex. Arbeitszeiten"",""Mobiles Arbeiten"",""Mitarbeiter-Events"",""Kantine \/ Essenzulagen"",""Gesundheitsf\u00f6rderung \/ -ma\u00dfnahmen"",""Fortbildungsangebote"",""Mitarbeiter-Rabatte"",""Parkplatz"",""gute Verkehrsanbindung""]";Wirtschaftsprüfer;Wirtschaftsprüfer, Steuerberater und verwandte Berufe;Vollzeit;1;61;83;89;83;79;83;100;56;61;67;"2023-10-17 19:33:03"
Öffentlicher Sektor;Weniger als 500;"[""flex. Arbeitszeiten"",""gute Verkehrsanbindung"",""internationale Arbeitseins\u00e4tze m\u00f6glich"",""Homeoffice""]";Projektmitarbeiter KI;Wissenschaftlicher Mitarbeiter/Wissenschaftliche Mitarbeiterin;"";0;78;50;89;72;79;78;89;72;78;78;"2023-11-02 15:17:23"
IT, Medien und Telekommunikation;Weniger als 50;"""Andere Rolle""";Kundenberater/ Vertrieb;Kundenbetreuer/Kundenbetreuerin;Vollzeit;1;78;75;89;72;100;78;89;83;72;89;"2024-01-17 22:49:43"
Banken und Versicherungen;Weniger als 5000;"""Oberes Management""";Wirtschaftsingenieur;Wirtschaftsingenieur/Wirtschaftsingenieurin;Vollzeit;0;100;100;100;100;94;100;94;72;72;83;"2024-01-29 15:13:48"
Dienstleistungen;Weniger als 10.000;"""Bereichsleitung""";Führungskraft im Vertrieb;Führungskraft im Vertrieb;Vollzeit;1;78;100;61;94;78;72;83;50;44;89;"2024-01-29 15:15:54"
Dienstleistungen;Weniger als 5000;"""Mitarbeitende:r aus dem Team""";Projektmanager im HR;Projektmanager/Projektmanagerin;Vollzeit;0;67;67;61;67;56;44;72;83;83;78;"2024-01-29 15:17:26"
IT, Medien und Telekommunikation;"10.000 und mehr";"""Andere Rolle""";Developer;Softwareentwickler;Vollzeit;1;78;100;28;22;28;28;17;67;44;39;"2024-01-29 15:19:31"
IT, Medien und Telekommunikation;Weniger als 100;"""Mitarbeitende:r aus dem Team""";Softwareentwickler;Softwareentwickler;Beides möglich;0;67;83;50;33;50;22;17;28;28;44;"2024-01-29 15:19:44"
Banken und Versicherungen;Weniger als 5000;"""Mitarbeitende:r aus dem Team""";Hardwaretechniker;Informatiker/Informatikerin;Vollzeit;0;78;83;44;44;67;67;28;50;56;44;"2024-01-29 15:19:48"
Banken und Versicherungen;Weniger als 5000;"""Oberes Management""";Führungskraft im Filialgeschäft;Führungskräfte;Vollzeit;1;89;67;78;89;61;89;89;39;17;44;"2024-01-29 15:21:18"
Banken und Versicherungen;Weniger als 1000;"""Mitarbeitende:r aus dem Team""";"";Betriebsleiter/Betriebsleiterin;Vollzeit;0;67;58;78;67;89;78;83;78;78;56;"2024-01-29 16:32:17"
IT, Medien und Telekommunikation;Weniger als 10.000;"""Mitarbeitende:r aus dem Team""";Softwareentwickler;Informatiker/Informatikerin;Vollzeit;1;89;92;94;72;78;83;72;72;72;72;"2024-01-29 16:32:45"
IT, Medien und Telekommunikation;Weniger als 10.000;"""Mitarbeitende:r aus dem Team""";Führungskraft ;Betriebsleiter/Betriebsleiterin;Beides möglich;1;83;67;78;33;72;72;67;33;44;72;"2024-01-29 16:32:55"
Banken und Versicherungen;Weniger als 1000;"""Bereichsleitung""";"";"";"";0;83;83;72;44;61;78;67;28;28;61;"2024-01-29 16:32:57"
Banken und Versicherungen;Weniger als 1000;"""Andere Rolle""";"";"";Vollzeit;0;72;67;78;72;61;78;89;61;61;78;"2024-01-29 16:33:02"
IT, Medien und Telekommunikation;Weniger als 10.000;"""Mitarbeitende:r aus dem Team""";Führungskraft;Betriebsleiter/Betriebsleiterin;Vollzeit;0;67;50;89;33;72;67;78;56;28;72;"2024-01-29 16:33:08"
IT, Medien und Telekommunikation;Weniger als 5000;"""Mitarbeitende:r aus dem Team""";Führungskraft ;Betriebsleiter/Betriebsleiterin;Beides möglich;1;89;100;83;72;72;89;100;83;67;89;"2024-01-29 16:33:23"
Banken und Versicherungen;Weniger als 5000;"""Andere Rolle""";Informatiker ;"";Vollzeit;1;61;67;50;28;44;17;17;61;17;28;"2024-01-29 16:33:25"
IT, Medien und Telekommunikation;"10.000 und mehr";"""Mitarbeitende:r aus dem Team""";Teamleiterin Vertrieb;Führungskräfte;Vollzeit;1;83;75;94;78;72;72;89;50;50;78;"2024-01-29 16:33:41"
Banken und Versicherungen;Weniger als 1000;"""Andere Rolle""";Dualer Student;"";Vollzeit;0;89;75;83;83;56;83;56;72;72;83;"2024-01-29 16:34:02"
IT, Medien und Telekommunikation;Weniger als 5000;"""Andere Rolle""";Technical Consultant ;"";Vollzeit;0;67;67;83;67;78;67;67;72;61;72;"2024-01-29 16:35:07"
Produzierendes Gewerbe / Industrie;Weniger als 500;"""HR\/Recruiting""";Nachhaltigkeitsbeauftragte/r;Abfallentsorgungsarbeiter;Beides möglich;0;56;100;78;67;50;89;50;72;72;61;"2024-01-31 11:47:05"
Handel;Weniger als 50;"""Teamleitung""";Filialleiter;Führungskräfte;Beides möglich;0;89;67;89;83;56;78;72;50;56;67;"2024-02-05 11:54:13"
Verkehr, Transport und Logistik;Weniger als 500;"""Bereichsleitung""";Teamleiter Logistik;Führungskräfte;Vollzeit;0;83;100;83;78;83;78;50;28;39;78;"2024-02-06 15:37:20"
Öffentlicher Sektor;Weniger als 500;"""Andere Rolle""";"";Softwareentwickler;Beides möglich;0;61;67;83;44;72;78;89;61;61;67;"2024-02-08 10:18:46"
Verkehr, Transport und Logistik;Weniger als 500;"""Bereichsleitung""";Kommissionierer;Lagerarbeiter/Lagerarbeiterin;Vollzeit;0;6;42;44;72;61;50;61;22;39;33;"2024-02-08 13:50:32"
IT, Medien und Telekommunikation;Weniger als 1000;"""Teamleitung""";Sales and Service Trainerin;Call-Center-Trainer/Call-Center-Trainerin;Vollzeit;0;83;83;78;94;94;100;61;83;78;94;"2024-02-08 16:42:01"
Dienstleistungen;Weniger als 50;"""Bereichsleitung""";Salesmanager;Ertragsmanager/Ertragsmanagerin;Vollzeit;1;83;78;89;94;89;100;100;94;89;100;"2024-03-06 10:40:32"
Öffentlicher Sektor;Weniger als 1000;"""Teamleitung""";Schule;"";Teilzeit;0;61;56;83;83;44;50;56;56;44;67;"2024-03-13 12:22:50"
Gesundheits- und Bildungssektor;Weniger als 500;"""Oberes Management""";Qualitätsbeauftragte;Qualitätsmanager/Qualitätsmanagerin;Beides möglich;0;67;61;78;89;78;100;78;83;56;72;"2024-03-14 13:32:51"
IT, Medien und Telekommunikation;Weniger als 10.000;"""Mitarbeitende:r aus dem Team""";"";Asphaltlabortechniker/Asphaltlabortechnikerin;Vollzeit;0;89;100;100;100;100;100;100;100;100;100;"2024-03-19 09:08:05"
Handel;Weniger als 5000;"""HR\/Recruiting""";Wirtschaftsingenieur;Informatiker/Informatikerin;Vollzeit;1;72;56;72;94;78;72;83;50;61;72;"2024-03-19 09:11:52"
IT, Medien und Telekommunikation;"10.000 und mehr";"""Mitarbeitende:r aus dem Team""";"";Ertragsmanager/Ertragsmanagerin;"";0;83;83;83;83;83;83;83;83;83;83;"2024-03-19 09:12:58"
IT, Medien und Telekommunikation;Weniger als 10.000;"""Andere Rolle""";Softwareentwicklung in der IT;Softwareentwickler/Softwareentwicklerin;Vollzeit;0;78;78;39;89;44;67;83;83;83;83;"2024-03-19 09:15:14"
Verkehr, Transport und Logistik;"10.000 und mehr";"""Andere Rolle""";Projektleiter ;Flugsicherungstechniker/Flugsicherungstechnikerin;Vollzeit;0;89;33;67;56;67;67;67;72;50;67;"2024-03-19 09:15:24"
Banken und Versicherungen;Weniger als 5000;"""Mitarbeitende:r aus dem Team""";Berater ;Bankangestellter/Bankangestellte;Vollzeit;1;83;56;67;67;67;67;78;61;33;33;"2024-03-19 09:15:26"
Handel;Weniger als 5000;"""Mitarbeitende:r aus dem Team""";Dualer Student;Ertragsmanager/Ertragsmanagerin;Vollzeit;0;83;56;72;56;67;50;56;50;44;56;"2024-03-19 09:15:41"
IT, Medien und Telekommunikation;"10.000 und mehr";"""Andere Rolle""";"";Projektmanager/Projektmanagerin;Vollzeit;0;78;44;72;78;72;78;61;72;56;78;"2024-03-19 09:15:42"
Banken und Versicherungen;Weniger als 500;"""Mitarbeitende:r aus dem Team""";Kundenberater ;Bankkundenberater/Bankkundenberaterin;Vollzeit;1;83;72;83;100;89;94;83;78;83;94;"2024-03-19 09:15:45"
Verkehr, Transport und Logistik;Weniger als 1000;"""Andere Rolle""";"";Flugsicherungstechniker/Flugsicherungstechnikerin;Vollzeit;0;100;89;83;72;72;72;72;89;78;83;"2024-03-19 09:16:02"
Banken und Versicherungen;Weniger als 1000;"""Andere Rolle""";"";"";Vollzeit;0;72;44;89;61;61;61;56;33;17;50;"2024-03-19 09:16:03"
IT, Medien und Telekommunikation;Weniger als 5000;"""Mitarbeitende:r aus dem Team""";SoftwareentwicklerIn;Softwareentwickler/Softwareentwicklerin;Vollzeit;1;72;83;72;72;72;50;72;89;56;67;"2024-03-19 09:16:05"
Banken und Versicherungen;Weniger als 500;"""Teamleitung""";Kundenbetreuung Immobilien;Kundenbetreuer/Kundenbetreuerin;Vollzeit;0;83;83;56;56;78;67;83;83;83;83;"2024-03-19 09:17:00"
Banken und Versicherungen;Weniger als 1000;"""Andere Rolle""";Privatkundenberater ;Bankkundenberater/Bankkundenberaterin;Vollzeit;1;78;72;100;89;78;89;89;44;61;72;"2024-03-19 09:17:11"
IT, Medien und Telekommunikation;Weniger als 50;"""Andere Rolle""";Softwareentwickler;"";Vollzeit;1;78;67;83;83;78;89;89;67;44;67;"2024-03-19 09:18:16"
IT, Medien und Telekommunikation;Weniger als 10.000;"""Mitarbeitende:r aus dem Team""";Anwendungsentwickler/-betreuer;IT-Anwendungsentwickler/IT-Anwendungsentwicklerin;Vollzeit;1;61;61;89;94;72;100;50;44;39;39;"2024-03-19 09:19:48"
Banken und Versicherungen;Weniger als 5000;"""Andere Rolle""";Bankkundenberater;Bankkundenberater/Bankkundenberaterin;Beides möglich;1;56;56;78;78;33;83;22;61;28;28;"2024-03-19 09:20:14"
IT, Medien und Telekommunikation;Weniger als 5000;"""Andere Rolle""";Softwareentwickler;Softwareentwickler für Embedded Systems/Softwareentwicklerin für Embedded Systems;Vollzeit;1;67;78;89;61;67;56;33;44;22;78;"2024-03-19 09:20:44"
Banken und Versicherungen;Weniger als 500;"""Andere Rolle""";Privatkundenberater ;Bankkundenberater/Bankkundenberaterin;Vollzeit;0;61;67;22;67;44;94;39;22;17;22;"2024-03-19 09:21:05"
Banken und Versicherungen;Weniger als 500;"""Andere Rolle""";Bankkauffrau;Lehrassistent Grundschule/Lehrassistentin Grundschule;"";0;67;56;67;72;67;83;61;56;56;56;"2024-03-19 09:21:07"
Banken und Versicherungen;Weniger als 1000;"""Andere Rolle""";Privatkundenberater;"";Vollzeit;1;56;44;50;61;100;78;89;94;44;78;"2024-03-19 09:21:50"
IT, Medien und Telekommunikation;Weniger als 10.000;"""Mitarbeitende:r aus dem Team""";Softwareentwicklung:in;Informatiker/Informatikerin;Vollzeit;1;72;50;39;50;89;44;44;67;33;44;"2024-03-19 09:22:04"
IT, Medien und Telekommunikation;Weniger als 1000;"""Andere Rolle""";Softwareentwickler SAP EWM;Softwareentwickler/Softwareentwicklerin;Vollzeit;1;89;78;78;72;61;100;33;72;72;78;"2024-03-19 09:22:49"
IT, Medien und Telekommunikation;Weniger als 10.000;"""Mitarbeitende:r aus dem Team""";Softwareentwickler ;Informatiker/Informatikerin;Vollzeit;1;50;72;78;78;78;50;50;44;44;17;"2024-03-19 09:25:56"
Dienstleistungen;"10.000 und mehr";"""Andere Rolle""";Student ;"";Vollzeit;1;67;61;67;67;67;67;67;56;50;44;"2024-03-19 11:42:25"
IT, Medien und Telekommunikation;Weniger als 50;"""Mitarbeitende:r aus dem Team""";Dualer Student ;Ertragsmanager/Ertragsmanagerin;Vollzeit;1;72;61;56;56;67;94;78;83;78;78;"2024-03-19 11:42:28"
Dienstleistungen;Weniger als 100;"""Mitarbeitende:r aus dem Team""";Ertragsmanager;Ertragsmanager/Ertragsmanagerin;Vollzeit;1;67;50;50;72;61;50;56;67;33;72;"2024-03-19 11:43:10"
IT, Medien und Telekommunikation;Weniger als 10.000;"""Mitarbeitende:r aus dem Team""";"";Ertragsmanager/Ertragsmanagerin;Vollzeit;1;94;89;100;67;56;61;44;72;67;44;"2024-03-19 11:43:46"
IT, Medien und Telekommunikation;Weniger als 1000;"""Andere Rolle""";Marketingmanager;"";Vollzeit;1;89;83;78;83;83;78;72;56;44;72;"2024-03-19 11:44:34"
Produzierendes Gewerbe / Industrie;Weniger als 1000;"""Mitarbeitende:r aus dem Team""";Dualer Student im E Commerce;"";Vollzeit;1;61;67;33;78;44;61;44;44;44;44;"2024-03-19 11:46:35"
IT, Medien und Telekommunikation;Weniger als 500;"""Mitarbeitende:r aus dem Team""";Führungskraft Medientechnologe ;Medientechnologe Druck/Medientechnologin Druck;Vollzeit;0;61;56;94;44;22;100;39;61;78;44;"2024-03-19 11:46:43"
IT, Medien und Telekommunikation;Weniger als 10.000;"""Mitarbeitende:r aus dem Team""";"";Technischer Leiter für Bühne, Film und Fernsehen/Technische Leiterin für Bühne, Film und Fernsehen;Vollzeit;1;50;61;56;67;89;78;83;50;78;83;"2024-03-19 11:46:52"
Handel;Weniger als 5000;"""Andere Rolle""";duale Studentin ;"";"";1;56;56;100;67;72;78;89;39;33;56;"2024-03-19 11:48:36"
Handel;Weniger als 5000;"""Mitarbeitende:r aus dem Team""";"";Brand Manager/Brand Managerin;"";1;100;100;100;100;100;100;100;100;100;100;"2024-03-19 11:49:54"
Produzierendes Gewerbe / Industrie;Weniger als 5000;"""Mitarbeitende:r aus dem Team""";Marketingleiter ;Marketingleiter/Marketingleiterin;Vollzeit;1;94;89;72;89;78;89;78;72;72;67;"2024-03-19 11:52:20"
IT, Medien und Telekommunikation;Weniger als 10.000;[];Head of Media ;Projektmanager/Projektmanagerin;Vollzeit;1;72;61;89;39;50;50;67;61;72;72;"2024-03-19 11:53:14"
Handel;Weniger als 5000;"""Mitarbeitende:r aus dem Team""";Außendienstmitarbeiter;"";Vollzeit;0;83;83;83;83;83;78;78;100;100;100;"2024-03-21 11:41:30"
Handel;Weniger als 5000;"""Mitarbeitende:r aus dem Team""";Mitarbeiter im Kundenservice;Kundenservice-Manager/Kundenservice-Managerin;Vollzeit;1;28;22;17;50;33;72;28;56;39;39;"2024-03-21 11:42:33"
Handel;Weniger als 5000;"""Mitarbeitende:r aus dem Team""";Außendienstmitarbeiter;;Vollzeit;0;72;83;83;78;83;89;89;72;83;83;"2024-03-21 11:42:54"
Dienstleistungen;Weniger als 1000;"""Mitarbeitende:r aus dem Team""";Markeringmanager;;Vollzeit;0;83;78;67;67;67;61;72;72;78;72;"2024-03-21 11:42:55"
Handel;Weniger als 5000;"""Mitarbeitende:r aus dem Team""";Produktmanager;Produktentwicklungsmanager/Produktentwicklungsmanagerin;Vollzeit;1;94;83;78;67;89;72;67;83;94;83;"2024-03-21 11:43:02"
Dienstleistungen;Weniger als 50;"""Mitarbeitende:r aus dem Team""";Dualer Student in der Geschäftsstelle;"";Vollzeit;1;78;72;89;89;72;83;94;44;56;83;"2024-03-21 11:43:43"
Produzierendes Gewerbe / Industrie;Weniger als 1000;"""Mitarbeitende:r aus dem Team""";Vertriebsmitarbeiter;"";Vollzeit;0;94;89;100;100;100;100;100;100;100;100;"2024-03-21 11:44:42"
Handel;Weniger als 1000;"""Mitarbeitende:r aus dem Team""";Recruiter;"";Vollzeit;1;61;61;72;89;67;94;89;61;50;72;"2024-03-21 11:45:07"
Öffentlicher Sektor;Weniger als 500;"""Mitarbeitende:r aus dem Team""";Marketing und Öffentlichkeitsarbeit (PR);"";Vollzeit;0;94;72;67;67;78;78;61;50;44;61;"2024-03-21 11:45:09"
Dienstleistungen;Weniger als 500;"""Mitarbeitende:r aus dem Team""";Recruiter ;"";Vollzeit;0;83;67;78;72;100;72;100;78;72;100;"2024-03-21 11:45:14"
Sonstiges;"10.000 und mehr";"""Andere Rolle""";Fachkraft im Controlling;"";Vollzeit;1;61;89;78;72;67;67;78;83;83;89;"2024-03-21 11:45:33"
Produzierendes Gewerbe / Industrie;Weniger als 5000;"""Mitarbeitende:r aus dem Team""";Key Account Manager;"";"";1;83;83;100;89;83;100;72;100;72;72;"2024-03-21 11:46:00"
Produzierendes Gewerbe / Industrie;"10.000 und mehr";"""Mitarbeitende:r aus dem Team""";Social Publishing;Online-Marketingspezialist/Online-Marketingspezialistin;Vollzeit;1;89;50;72;61;83;56;39;50;56;78;"2024-03-21 11:46:03"
Öffentlicher Sektor;"10.000 und mehr";"""Mitarbeitende:r aus dem Team""";Sachbearbeiter;Sachbearbeiter für den Bereich Zwangsvollstreckung/Sachbearbeiterin für den Bereich Zwangsvollstreckung;Beides möglich;0;61;78;50;56;50;100;72;17;67;39;"2024-03-21 11:46:08"
Produzierendes Gewerbe / Industrie;Weniger als 10.000;"""Mitarbeitende:r aus dem Team""";Costumer Experience Management;"";Vollzeit;1;89;83;67;94;67;100;89;56;44;72;"2024-03-21 11:48:21"
Handel;Weniger als 500;"""Andere Rolle""";Dualer Student;"";Vollzeit;0;56;39;61;67;67;72;61;50;67;67;"2024-03-21 11:48:40"
Gesundheits- und Bildungssektor;Weniger als 50;"""Andere Rolle""";Dualer Student für BWL Dienstleistungsmanagement - Sportmanagement;"";Vollzeit;0;67;50;67;67;67;67;67;67;67;67;"2024-03-21 11:48:50"
Handel;Weniger als 10.000;"""Andere Rolle""";Key Account Manager;"";Vollzeit;1;78;61;94;78;67;89;89;78;67;72;"2024-03-21 11:49:08"
Handel;Weniger als 10.000;"""Mitarbeitende:r aus dem Team""";Disposition ;"";Vollzeit;1;78;44;61;72;67;72;33;56;89;50;"2024-03-21 11:49:36"
Handel;Weniger als 50;"""Mitarbeitende:r aus dem Team""";"";Verkaufssachbearbeiter/Verkaufssachbearbeiterin;Vollzeit;0;44;28;56;33;39;50;44;28;28;28;"2024-03-21 11:50:17"
Produzierendes Gewerbe / Industrie;Weniger als 500;"""Andere Rolle""";ERP Anwendungsbetreuer ;"";Vollzeit;0;78;67;61;67;94;50;33;78;44;39;"2024-03-21 11:51:43"
Energie- und Wasserversorgung / Umwelt;Weniger als 500;"""Oberes Management""";Leitung Verkauf;Energiemanager/Energiemanagerin;Vollzeit;0;100;61;83;89;72;83;50;50;78;89;"2024-03-23 13:31:22"
Sonstiges;Weniger als 5000;"""Mitarbeitende:r aus dem Team""";Mitarbeiter;Metallziehmaschinenbediener/Metallziehmaschinenbedienerin;Vollzeit;1;33;67;72;50;61;72;72;39;39;67;"2024-03-25 12:05:38"
IT, Medien und Telekommunikation;"10.000 und mehr";"""Mitarbeitende:r aus dem Team""";Specialista zákaznické linky ;Spezialist für Preiskalkulation/Spezialistin für Preiskalkulation;Vollzeit;1;67;56;94;56;50;89;67;50;28;89;"2024-03-25 21:52:54"
Gesundheits- und Bildungssektor;Weniger als 50;"""Oberes Management""";MFA/ MTA;Medizinisch-technischer Laborassistent/Medizinisch-technische Laborassistentin;Beides möglich;0;100;100;94;83;78;94;89;72;17;72;"2024-03-26 15:24:26"
Dienstleistungen;Weniger als 50;"""Bereichsleitung""";HR Manager (m/w/d);Personalberater/Personalberaterin;Vollzeit;1;100;39;50;67;61;67;83;67;50;100;"2024-03-27 09:57:36"
Sonstiges;"";[];"";"";"";0;0;0;0;0;0;0;0;0;0;0;"2024-04-04 07:13:15"
Handel;Weniger als 5000;"""Mitarbeitende:r aus dem Team""";Frische VerkäuferIn;Verkäufer/Verkäuferin;Vollzeit;0;39;67;67;83;72;94;33;39;44;39;"2024-04-04 11:33:26"
Handel;"10.000 und mehr";"""Andere Rolle""";Sachbearbeiter Personalreferat;Personalsachbearbeiter/Personalsachbearbeiterin;Vollzeit;1;50;50;56;67;56;61;61;72;94;94;"2024-04-04 11:33:27"
Sonstiges;Weniger als 500;"""Andere Rolle""";Bäckereifachverkäuferin;"";Beides möglich;0;50;56;83;78;61;89;61;56;61;28;"2024-04-04 11:33:44"
Handel;Weniger als 500;"""Andere Rolle""";Dualer Student;"";Vollzeit;0;56;67;83;56;67;89;94;78;67;94;"2024-04-04 11:34:19"
Handel;Weniger als 100;"""Mitarbeitende:r aus dem Team""";Abteilungsleiter ;"";Beides möglich;0;78;83;83;61;67;89;78;67;78;78;"2024-04-04 11:34:23"
Produzierendes Gewerbe / Industrie;Weniger als 10.000;"""Mitarbeitende:r aus dem Team""";Standortleitung Qualitätssicherung/-management (m/w/d);Lebensmitteltechniker/Lebensmitteltechnikerin;Vollzeit;0;100;94;94;100;89;89;94;78;67;83;"2024-04-04 11:34:24"
Handel;Weniger als 500;"""Mitarbeitende:r aus dem Team""";Fachkraft Lebensmittelsicherheit;Fachkraft Lebensmittelsicherheit;Beides möglich;0;56;72;89;56;61;67;89;83;78;100;"2024-04-04 11:34:33"
Dienstleistungen;Weniger als 1000;"""Andere Rolle""";Koch ;"";Beides möglich;0;89;72;72;78;89;67;17;39;67;72;"2024-04-04 11:34:43"
Sonstiges;Weniger als 500;"""Mitarbeitende:r aus dem Team""";Eventmanager;"";Vollzeit;0;100;100;100;94;94;94;94;78;56;94;"2024-04-04 11:35:19"
Handel;Weniger als 500;"""Mitarbeitende:r aus dem Team""";Bürofachkraft;"";"";0;78;33;67;50;67;44;67;56;56;67;"2024-04-04 11:35:42"
Produzierendes Gewerbe / Industrie;Weniger als 1000;"""Mitarbeitende:r aus dem Team""";Bäckereifachverkäuferin;"";Vollzeit;0;72;61;67;89;83;94;83;50;22;78;"2024-04-04 11:36:40"
Handel;"10.000 und mehr";"""Andere Rolle""";"";Einkäufer/Einkäuferin;Vollzeit;0;89;67;100;100;89;33;100;89;83;94;"2024-04-04 11:36:46"
Dienstleistungen;Weniger als 100;"""Mitarbeitende:r aus dem Team""";Duale Studentin im Bereich Einkauf;Einkäufer/Einkäuferin;Vollzeit;0;67;83;72;83;89;89;94;67;61;72;"2024-04-04 11:37:37"
Produzierendes Gewerbe / Industrie;Weniger als 500;"""Andere Rolle""";Prduktmanager*in;Produktmanager/Produktmanagerin;Vollzeit;1;89;72;94;83;72;83;89;72;67;78;"2024-04-04 11:38:17"
Handel;Weniger als 500;"""Mitarbeitende:r aus dem Team""";Vertriebsinnendienst - Kundenberater im Backoffice;"";Beides möglich;1;61;72;72;83;94;94;72;67;72;72;"2024-04-04 11:38:54"
Handel;"10.000 und mehr";"""Mitarbeitende:r aus dem Team""";Social media manager;Digital-Marketing-Manager/Digital-Marketing-Managerin;Beides möglich;1;89;61;67;67;72;72;67;67;67;61;"2024-04-04 11:40:22"
Handwerk;Weniger als 100;"""Andere Rolle""";Konditoren, Köche, Bäcker, Hilfskräfte;"";Beides möglich;0;72;78;61;78;61;67;78;61;44;72;"2024-04-04 11:40:45"
Handel;"10.000 und mehr";"""Mitarbeitende:r aus dem Team""";Projektleiter Global Service & Support;IT-Kundenbetreuer/IT-Kundenbetreuerin;Vollzeit;0;83;83;83;83;83;83;83;83;83;83;"2024-04-09 07:16:05"
Handel;Weniger als 5000;"""Andere Rolle""";"";"";Vollzeit;1;72;72;67;67;67;67;67;67;67;67;"2024-04-09 07:16:12"
Handel;"10.000 und mehr";"""Andere Rolle""";Projektleiter Internationaler Einkauf;IT-Kundenbetreuer/IT-Kundenbetreuerin;Vollzeit;1;83;72;83;89;83;78;72;72;83;83;"2024-04-09 07:17:41"
Handel;"10.000 und mehr";"""Mitarbeitende:r aus dem Team""";IT Consultant;Projektmanager/Projektmanagerin;Vollzeit;1;67;67;67;67;67;67;67;67;67;67;"2024-04-09 07:20:16"
Produzierendes Gewerbe / Industrie;Weniger als 5000;"""Mitarbeitende:r aus dem Team""";Fachinformatiker;Medizinisch-technischer Laborassistent/Medizinisch-technische Laborassistentin;Vollzeit;1;83;67;72;72;78;67;72;72;67;78;"2024-04-09 07:22:30"
Produzierendes Gewerbe / Industrie;Weniger als 500;"""Andere Rolle""";"";"";Vollzeit;0;50;61;56;44;67;44;61;72;61;83;"2024-04-09 07:22:37"
Dienstleistungen;Weniger als 50;"""Mitarbeitende:r aus dem Team""";Informatiker ;"";"";1;39;78;61;50;67;78;78;72;72;61;"2024-04-09 07:22:39"
Handel;Weniger als 10.000;"""Mitarbeitende:r aus dem Team""";Professionell ;Informatiker/Informatikerin;Beides möglich;1;78;72;94;72;72;78;78;61;67;61;"2024-04-09 07:22:48"
Energie- und Wasserversorgung / Umwelt;Weniger als 10.000;"""Mitarbeitende:r aus dem Team""";"";"";Vollzeit;0;67;67;67;67;61;67;67;61;56;61;"2024-04-09 07:23:51"
Handel;"10.000 und mehr";"""Mitarbeitende:r aus dem Team""";IT Consultant;IT-Projektmanager/IT-Projektmanagerin;Beides möglich;1;67;50;78;83;61;78;83;83;67;67;"2024-04-09 07:24:00"
Handel;"10.000 und mehr";"""Mitarbeitende:r aus dem Team""";Informatiker;Informatiker/Informatikerin;Vollzeit;1;78;67;78;89;89;94;89;50;61;83;"2024-04-09 07:24:25"
Handel;"10.000 und mehr";"""Mitarbeitende:r aus dem Team""";IT Projektleiter Service & Support;IT-Projektmanager/IT-Projektmanagerin;Vollzeit;1;89;67;78;83;83;67;61;67;56;83;"2024-04-09 07:24:46"
Energie- und Wasserversorgung / Umwelt;"10.000 und mehr";"""Mitarbeitende:r aus dem Team""";Mitarbeiter;Informatiker/Informatikerin;Vollzeit;0;44;56;72;67;67;67;67;67;67;67;"2024-04-09 07:26:29"
Handel;"10.000 und mehr";"""Mitarbeitende:r aus dem Team""";Projektleiter im Warengeschäft;Informatiker/Informatikerin;Vollzeit;1;72;78;100;89;72;78;78;78;50;72;"2024-04-09 07:29:35"
Handel;"10.000 und mehr";"""Andere Rolle""";Einkäufer;Ertragsmanager/Ertragsmanagerin;Vollzeit;0;100;83;89;89;83;78;94;83;72;72;"2024-04-09 07:58:16"
Handel;Weniger als 5000;"""Andere Rolle""";Internationaler disponent ;Ertragsmanager/Ertragsmanagerin;Vollzeit;0;72;67;94;100;72;89;83;67;61;61;"2024-04-09 08:00:04"
Handel;"10.000 und mehr";"""Mitarbeitende:r aus dem Team""";Mitarbeiter Verkauf Frischfisch;Fachverkäufer/Fachverkäuferin;Vollzeit;0;61;83;83;94;78;100;78;67;67;94;"2024-04-09 08:00:51"
Produzierendes Gewerbe / Industrie;Weniger als 1000;"""Mitarbeitende:r aus dem Team""";Verkäufer*in in unserer Filiale am Karlsplatz Stachus ;Verkäufer/Verkäuferin;Teilzeit;0;78;39;44;78;72;100;67;50;61;67;"2024-04-09 08:01:09"
Dienstleistungen;Weniger als 50;"""Andere Rolle""";Restaurantmanager;Restaurantmanager/Restaurantmanagerin;Vollzeit;0;67;72;78;67;50;89;67;100;61;94;"2024-04-09 08:01:22"
Handel;Weniger als 1000;"""Mitarbeitende:r aus dem Team""";Abteilungsleiter für SB-Wurst und Convenience ;Einzelhändler/Einzelhändlerin;Vollzeit;0;67;61;89;100;83;83;83;83;72;78;"2024-04-09 08:01:35"
Handel;"10.000 und mehr";"""Mitarbeitende:r aus dem Team""";Einkaufsassistenz;"";Vollzeit;1;72;83;94;100;83;83;89;78;83;83;"2024-04-09 08:01:46"
Sonstiges;Weniger als 50;"""Mitarbeitende:r aus dem Team""";Eventmanager;Eventmanager/Eventmanagerin;Vollzeit;1;78;50;94;89;56;78;78;50;83;72;"2024-04-09 08:03:29"
Handel;"10.000 und mehr";"""Mitarbeitende:r aus dem Team""";Einkaufsleiter;Einkaufsleiter/Einkaufsleiterin;Vollzeit;0;100;100;100;100;67;33;67;33;67;33;"2024-04-09 08:03:32"
Handel;Weniger als 1000;"""Mitarbeitende:r aus dem Team""";Fachverkäufer für Fleisch- und Wurstwaren;Fachverkäufer für Fleisch- und Wurstwaren/Fachverkäuferin für Fleisch- und Wurstwaren;Beides möglich;0;50;22;61;78;56;56;50;78;83;39;"2024-04-09 08:04:00"
Handel;Weniger als 5000;"""Andere Rolle""";Junior Projektassistent;"";Vollzeit;1;72;72;83;94;67;89;83;56;50;94;"2024-04-09 08:04:06"
Produzierendes Gewerbe / Industrie;Weniger als 500;"""Mitarbeitende:r aus dem Team""";Controlling ;Prognosemanager/Prognosemanagerin;Beides möglich;0;78;67;83;61;61;33;56;67;39;89;"2024-04-09 08:05:00"
Handel;Weniger als 5000;"""Andere Rolle""";Junior Consultant bei Branding and Packaging;Mediengestalter Digital und Print – Gestaltung und Technik/Mediengestalterin Digital und Print – Gestaltung und Technik;Beides möglich;1;67;72;72;61;50;50;44;89;89;50;"2024-04-09 08:06:33"
Öffentlicher Sektor;Weniger als 1000;"""Bereichsleitung""";Vertriebsunterstützung;Ertragsmanager/Ertragsmanagerin;Teilzeit;1;83;67;72;67;83;83;94;61;67;78;"2024-04-09 08:14:43"
Handel;"10.000 und mehr";"""Mitarbeitende:r aus dem Team""";Senior Projektleiter;Projektmanager/Projektmanagerin;Vollzeit;1;94;100;89;100;100;100;100;100;100;100;"2024-04-10 07:15:31"
Produzierendes Gewerbe / Industrie;Weniger als 10.000;"""Mitarbeitende:r aus dem Team""";Key Account Manager;Ertragsmanager/Ertragsmanagerin;Vollzeit;0;33;50;56;83;83;83;72;72;83;89;"2024-04-10 07:15:52"
Handel;Weniger als 500;"""Mitarbeitende:r aus dem Team""";Projektmanager E-Commerce;"";Vollzeit;1;100;94;100;100;100;100;100;100;100;83;"2024-04-10 07:16:04"
IT, Medien und Telekommunikation;"10.000 und mehr";"""Andere Rolle""";Digital Marketing Manager Paid Search;Digital-Marketing-Manager/Digital-Marketing-Managerin;Vollzeit;1;67;67;83;83;78;78;78;78;83;72;"2024-04-10 07:16:51"
Handel;"10.000 und mehr";"""Mitarbeitende:r aus dem Team""";Dualer Student;"";Vollzeit;0;83;89;89;94;94;89;89;83;94;89;"2024-04-10 07:17:12"
Handel;Weniger als 500;"""Andere Rolle""";"";Entwickler von Benutzeroberflächen/Entwicklerin von Benutzeroberflächen;Vollzeit;1;78;61;72;89;56;11;50;50;61;78;"2024-04-10 07:17:50"
Handel;Weniger als 500;"""Andere Rolle""";Social Media Manager;Digital-Marketing-Manager/Digital-Marketing-Managerin;Vollzeit;1;94;78;83;78;83;56;72;39;56;61;"2024-04-10 07:18:19"
Handel;Weniger als 5000;"""Mitarbeitende:r aus dem Team""";Großkundenverkäufer;Großhändler/Großhändlerin;Vollzeit;0;72;72;89;94;89;83;83;100;89;89;"2024-04-10 07:18:25"
IT, Medien und Telekommunikation;"10.000 und mehr";"""Andere Rolle""";Junior Consultant ;IT-Consultant für Systemintegration;Vollzeit;0;78;78;94;94;83;100;83;78;67;89;"2024-04-10 07:18:26"
Handel;"10.000 und mehr";"""Mitarbeitende:r aus dem Team""";Manager Brand Experience;"";Vollzeit;1;78;67;89;72;83;61;89;67;72;72;"2024-04-10 07:18:30"
IT, Medien und Telekommunikation;Weniger als 10.000;"""Mitarbeitende:r aus dem Team""";(Junior) Professional Business Consulting;IT-Consultant für Systemintegration;Vollzeit;1;89;78;61;78;89;94;83;72;67;83;"2024-04-10 07:19:06"
Handel;"10.000 und mehr";"""Mitarbeitende:r aus dem Team""";Performance Marketing Manager;"";Vollzeit;1;83;61;83;67;78;72;78;50;50;78;"2024-04-10 07:19:15"
Produzierendes Gewerbe / Industrie;"10.000 und mehr";"""Mitarbeitende:r aus dem Team""";Key Account Manager Professional;Ertragsmanager/Ertragsmanagerin;Vollzeit;1;83;61;89;78;56;78;89;72;61;89;"2024-04-10 07:19:16"
Handel;"10.000 und mehr";"""Andere Rolle""";Projektleiterin Apps und Systeme;Programmmanager/Programmmanagerin;Vollzeit;1;61;61;94;89;78;78;72;56;44;67;"2024-04-10 07:19:19"
Gesundheits- und Bildungssektor;Weniger als 50;"""Oberes Management""";MFA;Medizinisch-technischer Laborassistent/Medizinisch-technische Laborassistentin;Teilzeit;0;83;56;78;94;78;83;94;78;83;100;"2024-04-14 16:31:02"
Verkehr, Transport und Logistik;"10.000 und mehr";"""Bereichsleitung""";Teamleiter Lagerlogistik;Führungskraft in der Lagerwirtschaft;Vollzeit;0;50;78;83;61;72;50;56;78;72;89;"2024-04-18 12:55:59"
Handel;Weniger als 10.000;"""Mitarbeitende:r aus dem Team""";Webcontent;Web-Content-Manager/Web-Content-Managerin;Vollzeit;0;61;56;61;44;78;72;44;72;89;83;"2024-04-19 08:11:01"
Handel;"10.000 und mehr";"""Mitarbeitende:r aus dem Team""";Verkäufer / Verkäuferin  ;Verkäufer/Verkäuferin;Vollzeit;0;78;78;94;72;72;89;83;78;72;67;"2024-04-19 08:11:01"
Handel;"10.000 und mehr";"""Bereichsleitung""";Warenbereichsleiter;"";Vollzeit;0;56;67;67;61;56;61;50;67;61;61;"2024-04-19 08:11:33"
Handel;"10.000 und mehr";"""Mitarbeitende:r aus dem Team""";Fachverkäufer für Fleisch und Wurstprodukte;Fachverkäufer/Fachverkäuferin;Teilzeit;0;89;94;89;94;72;94;67;67;83;94;"2024-04-19 08:14:07"
Handel;"10.000 und mehr";"""Mitarbeitende:r aus dem Team""";Verkäufer im Einzelhandel;Verkäufer/Verkäuferin;Teilzeit;0;17;44;17;78;56;100;17;33;28;22;"2024-04-19 08:14:57"
Handel;"10.000 und mehr";"""Mitarbeitende:r aus dem Team""";Kassenkraft in Teilzeit / Vollzeit;Kassierer/Kassiererin;Beides möglich;0;0;56;22;56;50;100;28;56;28;39;"2024-04-19 08:15:00"
Handel;"10.000 und mehr";"""Mitarbeitende:r aus dem Team""";Duale Studentin im Einkauf;"";Vollzeit;1;83;67;94;39;44;78;72;33;44;72;"2024-04-19 08:15:31"
Handel;"10.000 und mehr";"""Andere Rolle""";Duale Student;Verkaufsleiter/Verkaufsleiterin;Vollzeit;0;61;61;78;78;56;50;67;61;72;56;"2024-04-19 08:15:42"
Handel;"10.000 und mehr";"""Mitarbeitende:r aus dem Team""";Junior Einkäufer Nonfood;Einkäufer/Einkäuferin;Vollzeit;1;89;39;78;72;61;72;44;56;39;67;"2024-04-19 08:15:56"
Handel;"10.000 und mehr";"""Mitarbeitende:r aus dem Team""";"";Verkäufer/Verkäuferin;Beides möglich;0;50;44;39;72;44;44;22;39;78;56;"2024-04-19 08:16:05"
Handel;"10.000 und mehr";"""Mitarbeitende:r aus dem Team""";Junior Einkäufer Obst&Gemüse;Einkäufer/Einkäuferin;Vollzeit;1;83;83;89;67;72;94;83;56;78;61;"2024-04-19 08:16:14"
Handel;"10.000 und mehr";"""Mitarbeitende:r aus dem Team""";Duale Studentin im Internationalen Einkauf;"";Vollzeit;0;78;78;94;78;50;78;78;50;50;83;"2024-04-19 08:16:30"
Handel;"10.000 und mehr";"""Mitarbeitende:r aus dem Team""";Kassierer;Verkäufer/Verkäuferin;Teilzeit;0;56;44;56;44;33;61;50;39;22;22;"2024-04-19 08:16:44"
Handel;"10.000 und mehr";"""Mitarbeitende:r aus dem Team""";Dualer Student ;"";Vollzeit;0;67;50;72;61;67;50;78;50;28;67;"2024-04-19 08:18:14"
Handel;"10.000 und mehr";"""Mitarbeitende:r aus dem Team""";Dualer Student;Warenhausleiter/Warenhausleiterin;Vollzeit;1;78;56;94;61;78;94;100;56;56;72;"2024-04-19 08:19:01"
Handel;"10.000 und mehr";"""Mitarbeitende:r aus dem Team""";Verkäufer/Kassierer ;Verkäufer/Verkäuferin;Teilzeit;0;50;72;56;83;89;56;72;56;50;22;"2024-04-19 08:19:32"
Handel;"10.000 und mehr";"""Mitarbeitende:r aus dem Team""";"";Verkäufer/Verkäuferin;Teilzeit;0;11;39;39;72;33;67;50;56;83;17;"2024-04-19 08:19:58"
Verkehr, Transport und Logistik;"10.000 und mehr";"""Bereichsleitung""";Warehouse Operator;Lagerarbeiter/Lagerarbeiterin;Vollzeit;0;22;22;28;33;50;33;22;89;56;28;"2024-04-19 09:46:24"
Verkehr, Transport und Logistik;"10.000 und mehr";"""Bereichsleitung""";Team Leiter Logistik;Führungskraft in der Lagerwirtschaft;Vollzeit;0;89;61;78;61;50;78;72;44;44;44;"2024-04-19 10:53:06"
Verkehr, Transport und Logistik;"10.000 und mehr";"""Bereichsleitung""";Operations Manager;Betriebsleiter/Betriebsleiterin;Vollzeit;0;78;50;78;50;67;44;22;44;50;89;"2024-04-19 10:59:02"
Handwerk;Weniger als 100;"""HR\/Recruiting""";Recruiter;;Beides möglich;1;89;83;56;83;83;83;83;83;83;83;"2024-04-19 11:29:50"
Verkehr, Transport und Logistik;"10.000 und mehr";"""Bereichsleitung""";Manager Operations Kontraktlogistik;Führungskraft in der Lagerwirtschaft;Vollzeit;1;100;100;100;100;100;100;100;100;100;100;"2024-04-22 09:07:19"
Verkehr, Transport und Logistik;"10.000 und mehr";"""Bereichsleitung""";Warehouse Operator;Lagerarbeiter/Lagerarbeiterin;Vollzeit;0;28;22;22;33;56;22;44;39;44;17;"2024-04-22 10:14:57"
Handwerk;Weniger als 500;"""Andere Rolle""";Projektleiter Veranstaltungen;"";Vollzeit;0;89;78;83;83;83;0;78;67;89;78;"2024-04-22 10:26:58"
Dienstleistungen;Weniger als 1000;"""Andere Rolle""";Mitarbeiter im Außendienst ;;Vollzeit;0;61;67;72;67;56;78;61;72;67;72;"2024-04-22 10:27:03"
Banken und Versicherungen;"10.000 und mehr";"""Mitarbeitende:r aus dem Team""";Referent;"";Beides möglich;0;83;72;22;0;56;56;28;50;56;67;"2024-04-22 10:27:06"
Land- und Forstwirtschaft / Rohstoffe;Weniger als 100;"""Bereichsleitung""";Getreideeinkauf;Einkäufer/Einkäuferin;Vollzeit;1;78;83;78;83;83;78;83;72;67;72;"2024-04-22 10:30:01"
Handel;Weniger als 5000;"""Mitarbeitende:r aus dem Team""";Projektmanager Logistik ;Assistent für den Bereich Supply-Chain-Management/Assistentin für den Bereich Supply-Chain-Management;Vollzeit;1;89;72;72;100;89;89;22;44;50;50;"2024-04-22 10:30:30"
Produzierendes Gewerbe / Industrie;Weniger als 50;"""Mitarbeitende:r aus dem Team""";Vertriebsmitarbeiter;Vertriebsleiter für Milchprodukte und Speiseöle/Vertriebsleiterin für Milchprodukte und Speiseöle;Vollzeit;0;44;72;67;89;83;100;89;78;72;72;"2024-04-22 10:30:49"
Produzierendes Gewerbe / Industrie;Weniger als 500;"""Mitarbeitende:r aus dem Team""";Weintechnologe;"";Vollzeit;0;94;83;78;78;89;72;83;56;83;89;"2024-04-22 10:31:55"
Handwerk;Weniger als 500;"""Mitarbeitende:r aus dem Team""";Fleischereifachverkäufer/in;Fachverkäufer für Fleisch- und Wurstwaren/Fachverkäuferin für Fleisch- und Wurstwaren;Vollzeit;0;78;72;94;67;44;94;67;72;67;56;"2024-04-22 10:32:02"
Dienstleistungen;Weniger als 100;"""Mitarbeitende:r aus dem Team""";Mitarbeiter:in Sales & Marketing ;"";Vollzeit;0;89;72;83;94;83;83;67;50;33;61;"2024-04-22 10:32:38"
Handel;Weniger als 10.000;"""Mitarbeitende:r aus dem Team""";Projektmanager:in im E-Commerce;E-Business-Manager/E-Business-Managerin;Vollzeit;1;100;67;100;89;100;94;83;67;78;83;"2024-04-22 10:32:44"
Dienstleistungen;Weniger als 5000;"""Mitarbeitende:r aus dem Team""";Assistant Buyer;Einkäufer/Einkäuferin;Vollzeit;0;67;50;44;50;22;0;17;56;67;67;"2024-04-22 10:32:52"
Produzierendes Gewerbe / Industrie;Weniger als 500;"""Mitarbeitende:r aus dem Team""";Vertriebsmitarbeiter;"";Vollzeit;1;89;72;78;89;72;100;72;78;72;94;"2024-04-22 10:33:03"
Gesundheits- und Bildungssektor;Weniger als 5000;"""Mitarbeitende:r aus dem Team""";Entwickler back end;Softwareentwickler/Softwareentwicklerin;Vollzeit;1;83;72;83;67;94;72;89;83;94;61;"2024-04-22 13:36:31"
Dienstleistungen;Weniger als 500;"""Mitarbeitende:r aus dem Team""";Full-stack Developer mit Fokus auf Backend;Softwareentwickler/Softwareentwicklerin;Beides möglich;1;83;78;56;44;61;50;56;67;61;67;"2024-04-23 08:18:01"
Sonstiges;Weniger als 5000;"""Mitarbeitende:r aus dem Team""";"";IT-Systementwickler/IT-Systementwicklerin;Vollzeit;0;72;67;78;72;61;72;72;50;44;50;"2024-04-23 08:33:34"
Handel;"10.000 und mehr";"""Mitarbeitende:r aus dem Team""";verkaufsleiter;Verkaufsleiter/Verkaufsleiterin;Vollzeit;0;56;50;78;56;78;83;67;67;44;72;"2024-04-23 08:56:27"
Handel;"10.000 und mehr";"""Andere Rolle""";"";Verkaufsleiter/Verkaufsleiterin;Vollzeit;0;56;67;50;78;83;39;56;67;94;67;"2024-04-23 08:57:16"
Handel;"10.000 und mehr";"""Mitarbeitende:r aus dem Team""";Verkaufsleiter;Verkaufsleiter/Verkaufsleiterin;Vollzeit;1;89;89;94;83;78;94;100;83;78;100;"2024-04-23 09:00:34"
Handel;"10.000 und mehr";"""Bereichsleitung""";Verkaufsleiter ;Verkaufsleiter/Verkaufsleiterin;Vollzeit;0;67;44;100;83;67;50;78;61;67;83;"2024-04-23 09:00:42"
Handel;"10.000 und mehr";"""Mitarbeitende:r aus dem Team""";Hausleitung ;Warenhausleiter/Warenhausleiterin;Vollzeit;0;78;78;33;83;83;100;72;67;72;72;"2024-04-23 09:01:00"
Handel;"10.000 und mehr";"""Andere Rolle""";Warenberechsleiter;Abteilungsleiter/Abteilungsleiterin;Beides möglich;0;33;33;50;72;83;89;56;39;33;44;"2024-04-23 09:01:46"
Handel;"10.000 und mehr";"""Mitarbeitende:r aus dem Team""";Junior Consulting ;"";Vollzeit;1;83;94;83;100;83;100;94;72;61;72;"2024-04-23 09:01:54"
Handel;"10.000 und mehr";"""Mitarbeitende:r aus dem Team""";Filialleiter;Ertragsmanager/Ertragsmanagerin;Vollzeit;0;78;67;89;89;56;72;94;61;83;67;"2024-04-23 09:02:26"
Handel;"10.000 und mehr";"""Mitarbeitende:r aus dem Team""";Hausleiter;Supermarktleiter/Supermarktleiterin;Vollzeit;0;61;39;72;44;78;61;72;61;33;50;"2024-04-23 09:02:32"
Handel;"10.000 und mehr";"""Mitarbeitende:r aus dem Team""";Hausleiter;Supermarktleiter/Supermarktleiterin;Vollzeit;0;56;94;89;100;67;61;100;78;78;100;"2024-04-23 09:02:37"
Handel;"10.000 und mehr";"""Andere Rolle""";"";Warenhausleiter/Warenhausleiterin;Vollzeit;0;61;50;67;78;61;100;56;39;72;61;"2024-04-23 09:03:28"
Handel;"10.000 und mehr";"""Teamleitung""";Filialleiter;Supermarktleiter/Supermarktleiterin;Vollzeit;0;56;67;61;83;78;67;67;39;83;61;"2024-04-23 09:03:52"
Handel;"10.000 und mehr";"""Mitarbeitende:r aus dem Team""";Filialleiter ;Warenhausleiter/Warenhausleiterin;Vollzeit;0;56;61;78;89;78;94;89;78;67;72;"2024-04-23 09:03:57"
Handel;"10.000 und mehr";"""Mitarbeitende:r aus dem Team""";Marktleiter;Supermarktleiter/Supermarktleiterin;Vollzeit;0;61;56;100;78;83;89;89;61;83;100;"2024-04-23 09:04:46"
Handel;"10.000 und mehr";"""Mitarbeitende:r aus dem Team""";Hausleitung eines Marktes;Warenhausleiter/Warenhausleiterin;Vollzeit;0;83;83;61;94;72;78;83;78;72;78;"2024-04-23 09:04:48"
Handel;"10.000 und mehr";"""Mitarbeitende:r aus dem Team""";Verkaufsleiter ( Chef von 5 Filialleiter);"";"";0;72;50;61;61;61;72;67;39;50;61;"2024-04-23 09:05:25"
Handel;Weniger als 10.000;"""Mitarbeitende:r aus dem Team""";Hausleitung einer Filiale;;Vollzeit;0;89;83;89;67;72;94;72;56;67;89;"2024-04-23 09:05:54"
Handel;Weniger als 5000;"""Mitarbeitende:r aus dem Team""";Hausleitung im Lebensmitteleinzelhandel;Supermarktleiter/Supermarktleiterin;Vollzeit;0;61;44;89;100;78;100;100;61;78;89;"2024-04-23 09:09:00"
Gesundheits- und Bildungssektor;Weniger als 1000;"""Mitarbeitende:r aus dem Team""";"";Softwareentwickler/Softwareentwicklerin;Vollzeit;1;72;72;56;72;72;94;89;61;61;89;"2024-04-23 09:15:53"
Sonstiges;Weniger als 500;"""HR\/Recruiting""";Personalleiter;Personalberater/Personalberaterin;"";0;72;72;56;61;67;56;83;39;22;61;"2024-04-25 06:16:21"
Handel;Weniger als 1000;"""Oberes Management""";Personalsachbearbeiter;Bürokaufmann/Bürokauffrau;Vollzeit;1;67;83;89;72;72;67;89;44;39;78;"2024-04-25 07:37:21"
IT, Medien und Telekommunikation;"10.000 und mehr";"""Mitarbeitende:r aus dem Team""";DH Student Enterprise IT Architecture;"";Vollzeit;0;67;83;83;56;61;67;67;67;67;67;"2024-04-25 14:09:33"
Verkehr, Transport und Logistik;"10.000 und mehr";"""Mitarbeitende:r aus dem Team""";Wirtschaftsinformatiker ;Informatiker/Informatikerin;Vollzeit;0;83;56;100;100;100;100;100;100;100;100;"2024-04-25 14:09:34"
Produzierendes Gewerbe / Industrie;"10.000 und mehr";"""Andere Rolle""";Wirtschaftinformatiker;Informatiker/Informatikerin;Vollzeit;1;83;56;61;67;83;67;50;61;44;83;"2024-04-25 14:09:42"
IT, Medien und Telekommunikation;"10.000 und mehr";"""Andere Rolle""";"";Dramaturg/Dramaturgin;Teilzeit;0;39;61;61;56;56;67;72;100;100;100;"2024-04-25 14:11:00"
Produzierendes Gewerbe / Industrie;"10.000 und mehr";"""Andere Rolle""";"";Projektmanager/Projektmanagerin;Vollzeit;1;94;94;89;94;94;94;94;94;89;89;"2024-04-25 14:15:09"
Produzierendes Gewerbe / Industrie;"10.000 und mehr";"""Andere Rolle""";"";Softwareentwickler/Softwareentwicklerin;Vollzeit;0;89;83;50;28;78;28;33;39;61;94;"2024-04-25 14:15:15"
Handel;Weniger als 5000;"""Mitarbeitende:r aus dem Team""";Teamleiter ;Datenbankadministrator/Datenbankadministratorin;Vollzeit;0;72;61;72;72;72;78;89;50;72;78;"2024-04-25 14:17:15"
Produzierendes Gewerbe / Industrie;Weniger als 1000;"""Andere Rolle""";Softwareentwickler;Softwareentwickler/Softwareentwicklerin;Vollzeit;1;67;72;100;56;61;17;17;11;67;39;"2024-04-25 14:18:03"
Dienstleistungen;"10.000 und mehr";"""Mitarbeitende:r aus dem Team""";Informatiker;Informatiker/Informatikerin;Vollzeit;1;56;61;94;78;56;89;67;56;33;72;"2024-04-25 14:19:12"
Dienstleistungen;"10.000 und mehr";"""Andere Rolle""";"";Informatiker/Informatikerin;Vollzeit;1;61;56;67;39;50;50;28;67;22;17;"2024-04-25 14:19:50"
Handel;Weniger als 5000;"""Andere Rolle""";"";Softwareentwickler/Softwareentwicklerin;Vollzeit;0;78;83;67;56;67;33;72;56;50;72;"2024-04-25 14:19:55"
IT, Medien und Telekommunikation;"10.000 und mehr";"""Andere Rolle""";Professional Data Engineer;Data-Warehouse-Entwickler/Data-Warehouse-Entwicklerin;Vollzeit;1;61;50;67;39;67;67;67;56;33;44;"2024-04-25 14:21:49"
Handel;"10.000 und mehr";"""Andere Rolle""";Sales;IT-Kundenbetreuer/IT-Kundenbetreuerin;Vollzeit;1;50;28;50;67;33;83;89;72;83;100;"2024-04-25 14:22:50"
Produzierendes Gewerbe / Industrie;Weniger als 5000;"""Andere Rolle""";Informatiker Intern;Informatiker/Informatikerin;Vollzeit;1;72;72;44;61;72;33;44;67;72;72;"2024-04-25 14:23:43"
Produzierendes Gewerbe / Industrie;Weniger als 50;"""Mitarbeitende:r aus dem Team""";Projektmanager in der Lebensmittelindustrie;"";Vollzeit;0;83;78;89;78;78;89;89;83;67;94;"2024-04-26 08:36:21"
Handel;Weniger als 50;"""Oberes Management""";Wurstfachverkäufer;Fachverkäufer/Fachverkäuferin;Beides möglich;0;44;78;22;44;67;100;72;72;61;67;"2024-04-26 10:31:53"
Handel;Weniger als 100;"""Oberes Management""";Debitorenbuchhalter/in (m/w/d);Buchhalter/Buchhalterin;Vollzeit;1;67;72;89;94;83;89;89;72;83;89;"2024-04-26 11:59:49"
Handel;Weniger als 100;"""Oberes Management""";Mitarbeiter/-in im Kundenservice;Mitarbeiter Callcenter/Mitarbeiterin Callcenter;Vollzeit;1;83;89;78;100;72;100;83;94;100;94;"2024-04-29 09:29:25"
IT, Medien und Telekommunikation;Weniger als 50;"""Oberes Management""";Projektleiter Medienforschung;Medizinisch-technischer Laborassistent/Medizinisch-technische Laborassistentin;Vollzeit;0;83;83;89;78;61;33;89;44;22;67;"2024-04-29 16:25:13"
Gesundheits- und Bildungssektor;Weniger als 1000;"""Andere Rolle""";Betreuung Labore;Lehrassistent Grundschule/Lehrassistentin Grundschule;Teilzeit;0;39;89;67;94;72;100;61;72;56;33;"2024-04-30 08:20:22"
Handel;"10.000 und mehr";"""Mitarbeitende:r aus dem Team""";Trainer ;Personal Trainer/Personal Trainerin;Vollzeit;0;78;83;72;61;83;72;56;39;33;89;"2024-04-30 08:20:26"
Sonstiges;Weniger als 1000;"""Mitarbeitende:r aus dem Team""";Mitarbeiter im Einkauf;Einkäufer/Einkäuferin;Vollzeit;0;50;83;67;89;56;67;33;56;72;72;"2024-04-30 08:20:46"
Handel;"10.000 und mehr";"""Andere Rolle""";Sachbearbeiter HR Reporting;Personalsachbearbeiter/Personalsachbearbeiterin;Vollzeit;1;50;61;83;89;72;94;83;56;44;56;"2024-04-30 08:21:41"
Handel;"10.000 und mehr";"""Andere Rolle""";Sachbearbeiter HR Reporting;Personalsachbearbeiter/Personalsachbearbeiterin;Vollzeit;1;50;67;83;89;72;94;89;44;44;83;"2024-04-30 08:21:43"
Verkehr, Transport und Logistik;"10.000 und mehr";"""Mitarbeitende:r aus dem Team""";Personalreferent;Personalsachbearbeiter/Personalsachbearbeiterin;Vollzeit;1;61;72;89;89;61;94;78;39;50;72;"2024-04-30 08:22:00"
Gesundheits- und Bildungssektor;Weniger als 10.000;"""Mitarbeitende:r aus dem Team""";"";Krankenpfleger Allgemeine Krankenpflege/Krankenschwester Allgemeine Krankenpflege;Beides möglich;0;83;83;56;50;28;83;89;0;50;28;"2024-04-30 08:22:30"
Dienstleistungen;Weniger als 10.000;"""Mitarbeitende:r aus dem Team""";Assistenz der Geschäftsführung;Vorstandsassistent/Vorstandsassistentin;Teilzeit;1;50;61;67;56;67;56;67;89;78;83;"2024-04-30 08:22:58"
Handel;"10.000 und mehr";"""Mitarbeitende:r aus dem Team""";Projektmanagement für Datenlöschung;Programmmanager/Programmmanagerin;Vollzeit;1;78;72;72;61;50;50;67;67;78;50;"2024-04-30 08:22:59"
Dienstleistungen;"10.000 und mehr";"""Mitarbeitende:r aus dem Team""";Consultant Assurance Solution;Wirtschaftsberater/Wirtschaftsberaterin;Vollzeit;1;78;44;44;44;56;83;83;39;39;50;"2024-04-30 08:23:03"
Öffentlicher Sektor;Weniger als 5000;"""Mitarbeitende:r aus dem Team""";Teamleitung Personalbetreuung;Führungskraft im Personalwesen;Vollzeit;0;89;94;100;83;83;83;78;78;94;100;"2024-04-30 08:23:23"
Öffentlicher Sektor;Weniger als 5000;"""Mitarbeitende:r aus dem Team""";Teamleitung in der Personalbetreuung;Führungskraft im Personalwesen;Vollzeit;0;83;100;100;83;83;83;78;78;94;100;"2024-04-30 08:23:24"
Handel;Weniger als 1000;"""HR\/Recruiting""";Produktmanager;"";Vollzeit;1;72;72;72;83;94;67;94;78;61;89;"2024-04-30 08:23:30"
Dienstleistungen;Weniger als 10.000;"""Mitarbeitende:r aus dem Team""";CNC Fräser ;CNC-Fräser/CNC-Fräserin;Vollzeit;0;67;44;89;78;61;61;89;72;78;78;"2024-04-30 08:23:33"
Dienstleistungen;Weniger als 500;"""HR\/Recruiting""";"";Ressourcenmanager/Ressourcenmanagerin;Vollzeit;0;72;89;94;78;83;94;89;39;44;78;"2024-04-30 08:24:03"
"";"";[];"";"";"";0;83;67;94;89;78;94;100;67;67;89;"2024-04-30 08:24:11"
Handel;Weniger als 10.000;"""Mitarbeitende:r aus dem Team""";Außendienstmitarbeiter;"";Vollzeit;0;78;67;100;100;78;100;72;78;72;67;"2024-04-30 08:25:36"
Handel;"10.000 und mehr";"""Andere Rolle""";Dualer Student im Personalbereich;"";Vollzeit;1;33;72;56;61;50;89;78;83;44;33;"2024-04-30 08:25:42"
Handel;"10.000 und mehr";"""Mitarbeitende:r aus dem Team""";Koch;"";Vollzeit;0;61;56;100;83;56;83;78;44;67;39;"2024-04-30 08:25:51"
Sonstiges;Weniger als 1000;"""Andere Rolle""";Projektleiter ;Film- und Fernsehproduzent/Film- und Fernsehproduzentin;Vollzeit;0;61;67;50;72;78;83;94;83;50;61;"2024-04-30 08:58:05"
Dienstleistungen;Weniger als 50;"""Andere Rolle""";"";Bürokaufmann/Bürokauffrau;Vollzeit;0;89;72;89;72;94;89;94;83;83;83;"2024-04-30 09:00:53"
Handel;Weniger als 500;"""Mitarbeitende:r aus dem Team""";Key Account Manager Sales ;"";Vollzeit;1;83;89;100;100;83;100;61;67;72;89;"2024-04-30 09:01:33"
Produzierendes Gewerbe / Industrie;Weniger als 500;"""Mitarbeitende:r aus dem Team""";Fleischermeister;Fleischverarbeitungskraft;Vollzeit;0;50;22;17;44;22;50;28;72;89;28;"2024-04-30 09:02:53"
Handwerk;Weniger als 500;"""Andere Rolle""";Fleischereifachverkäufer;Fachverkäufer für Fleisch- und Wurstwaren/Fachverkäuferin für Fleisch- und Wurstwaren;Vollzeit;0;44;22;22;72;17;89;72;28;44;28;"2024-04-30 09:02:57"
Handwerk;Weniger als 50;"""Mitarbeitende:r aus dem Team""";Verkäuferin;Verkäufer/Verkäuferin;Beides möglich;0;0;72;89;94;61;89;67;44;56;72;"2024-04-30 09:03:02"
Produzierendes Gewerbe / Industrie;Weniger als 50;"""Mitarbeitende:r aus dem Team""";Vertriebsinnendienst;Vertriebsleiter/Vertriebsleiterin;Vollzeit;0;44;61;67;83;72;94;67;78;61;61;"2024-04-30 09:03:12"
Produzierendes Gewerbe / Industrie;Weniger als 500;"""Mitarbeitende:r aus dem Team""";Fachverkäufer;Fachverkäufer für Bäckerei- und Konditoreiwaren/Fachverkäuferin für Bäckerei- und Konditoreiwaren;Beides möglich;0;22;44;56;94;61;83;44;44;67;44;"2024-04-30 09:03:28"
Dienstleistungen;Weniger als 1000;"""Mitarbeitende:r aus dem Team""";"";Führungskraft im Personalwesen;Vollzeit;1;67;44;67;100;83;100;100;44;44;83;"2024-04-30 09:03:34"
Handel;Weniger als 500;"""Mitarbeitende:r aus dem Team""";"";Produktmanager/Produktmanagerin;Vollzeit;0;44;83;100;61;28;78;50;50;72;83;"2024-04-30 09:03:41"
Handel;Weniger als 5000;"""Mitarbeitende:r aus dem Team""";"";Produktmanager/Produktmanagerin;Vollzeit;1;67;44;61;50;78;83;72;28;33;50;"2024-04-30 09:04:52"
Produzierendes Gewerbe / Industrie;"10.000 und mehr";"""Mitarbeitende:r aus dem Team""";Dualer Student ;"";Vollzeit;1;72;100;89;56;78;94;100;83;56;100;"2024-04-30 09:05:02"
Handel;Weniger als 5000;"""Mitarbeitende:r aus dem Team""";Bäckereifachverkäufer/in ;Fachverkäufer für Bäckerei- und Konditoreiwaren/Fachverkäuferin für Bäckerei- und Konditoreiwaren;Beides möglich;0;44;44;28;67;39;39;44;33;56;28;"2024-04-30 09:05:32"
Produzierendes Gewerbe / Industrie;Weniger als 5000;"""Mitarbeitende:r aus dem Team""";"";Qualitätsprüfer/Qualitätsprüferin;Vollzeit;0;94;72;89;100;67;89;100;61;61;78;"2024-04-30 09:05:35"
Handel;Weniger als 500;"""Mitarbeitende:r aus dem Team""";Product Data Analyst/Controller;"";Vollzeit;0;100;100;100;94;100;78;89;78;67;78;"2024-04-30 09:05:44"
Dienstleistungen;Weniger als 50;"""Mitarbeitende:r aus dem Team""";Restaurantleitung;;Vollzeit;0;89;94;89;94;72;100;94;67;72;89;"2024-04-30 09:06:27"
Handel;Weniger als 500;"""Mitarbeitende:r aus dem Team""";Thekenfachkraft;Fachverkäufer/Fachverkäuferin;Beides möglich;0;17;22;17;44;17;72;33;28;28;17;"2024-04-30 09:06:31"
Handwerk;Weniger als 500;"""Andere Rolle""";Bäckerfachverkäuferin;Fachverkäufer für Bäckerei- und Konditoreiwaren/Fachverkäuferin für Bäckerei- und Konditoreiwaren;Beides möglich;0;67;61;78;56;67;83;78;89;94;83;"2024-04-30 09:06:52"
Sonstiges;Weniger als 1000;"""Andere Rolle""";Barista;"";Beides möglich;0;33;50;0;61;28;28;0;44;44;17;"2024-04-30 09:08:07"
Handel;Weniger als 1000;"""Mitarbeitende:r aus dem Team""";Auslieferungsfahrer ;Pkw- und Kleintransporter-Lieferfahrer/Pkw- und Kleintransporter-Lieferfahrerin;Beides möglich;0;17;17;17;78;22;50;39;44;44;17;"2024-04-30 09:09:52"
Handwerk;Weniger als 100;"""Andere Rolle""";Verkäufer/in;"";Vollzeit;0;50;83;83;89;83;89;89;83;67;83;"2024-04-30 09:10:00"
Banken und Versicherungen;Weniger als 100;"""Mitarbeitende:r aus dem Team""";Flugsicherungstechniker;Flugsicherungstechniker/Flugsicherungstechnikerin;Vollzeit;0;83;83;83;83;83;83;83;83;83;83;"2024-04-30 13:00:04"
Sonstiges;"10.000 und mehr";"""Mitarbeitende:r aus dem Team""";"";Fachkraft Schutz- und Sicherheit;Teilzeit;0;78;78;83;83;78;94;94;83;83;78;"2024-05-05 23:22:19"
Produzierendes Gewerbe / Industrie;Weniger als 5000;"""Teamleitung""";Produktentwickler (m/w/d) in der Lebensmittelbranche;Produktentwicklungstechniker/Produktentwicklungstechnikerin;Vollzeit;0;83;72;78;72;72;78;78;72;89;83;"2024-05-14 13:12:30"
IT, Medien und Telekommunikation;Weniger als 100;"""Mitarbeitende:r aus dem Team""";"";"";Beides möglich;0;72;50;61;61;61;100;61;72;44;72;"2024-05-18 21:06:11"
Gesundheits- und Bildungssektor;Weniger als 50;"""Teamleitung""";"";Medizinischer Fachangestellter/Medizinische Fachangestellte;Vollzeit;0;50;89;89;100;94;83;67;61;50;72;"2024-05-27 10:51:57"
